match_name,franchise,,label,sponsor_name,sponsor_asset_type,sponsor_asset_location,sponsor_asset_visibility,confidence,bbox_x1,bbox_y1,bbox_x2,bbox_y2
Match_63_TATA_IPL_2025_MI_vs_DC,Delhi Capitals,,DPWorld_jersey_back_logo_clear,DPWorld,jersey,back_logo,clear,0.85903585,510.8575439,230.8488922,619.7744141,296.4256592
Match_63_TATA_IPL_2025_MI_vs_DC,Delhi Capitals,,motorola_trousers_logo_blurry,motorola,trousers,logo,blurry,0.454779118,671.3174438,499.4155273,753.1044312,547.6491699
Match_63_TATA_IPL_2025_MI_vs_DC,Delhi Capitals,,AllSeasons_jersey_chest_logo_blurry,AllSeasons,jersey,chest_logo,blurry,0.186679929,658.7957764,243.074585,738.8570557,285.5783691
Match_63_TATA_IPL_2025_MI_vs_DC,Delhi Capitals,,Jio_jersey_shoulder_logo_partially_visible,Jio,jersey,shoulder_logo,partially_visible,0.178819999,1020.037598,302.352417,1065.231201,349.4837646
Match_63_TATA_IPL_2025_MI_vs_DC,Delhi Capitals,,motorola_trousers_logo_blurry,motorola,trousers,logo,blurry,0.150836542,409.0961914,506.3465576,482.6149902,557.9189453
Match_63_TATA_IPL_2025_MI_vs_DC,Delhi Capitals,,Freemans_cap_logo_partially_visible,Freemans,cap,logo,partially_visible,0.509364009,847.2477417,115.9323425,908.8411255,178.4519348
Match_63_TATA_IPL_2025_MI_vs_DC,Delhi Capitals,,Acko_cap_logo_clear,Acko,cap,logo,clear,0.48193574,844.0065918,121.506958,903.6112061,179.2697144
Match_63_TATA_IPL_2025_MI_vs_DC,Delhi Capitals,,GMR_jersey_sleeve_logo_partially_visible,GMR,jersey,sleeve_logo,partially_visible,0.401541322,885.2758789,231.0030823,945.6416016,270.4570618
Match_63_TATA_IPL_2025_MI_vs_DC,Delhi Capitals,,AllSeasons_jersey_chest_logo_blurry,AllSeasons,jersey,chest_logo,blurry,0.265030652,348.7868042,234.9755249,427.4213257,273.6248169
Match_63_TATA_IPL_2025_MI_vs_DC,Delhi Capitals,,Encalm_trousers_logo_partially_visible,Encalm,trousers,logo,partially_visible,0.252108663,783.7441406,463.6317139,851.4387207,523.3223877
Match_63_TATA_IPL_2025_MI_vs_DC,Delhi Capitals,,HeroFincorp_jersey_chest_logo_clear,HeroFincorp,jersey,chest_logo,clear,0.158663228,352.6065674,271.7816772,485.2162476,320.8129272
Match_63_TATA_IPL_2025_MI_vs_DC,Delhi Capitals,,Freemans_cap_logo_partially_visible,Freemans,cap,logo,partially_visible,0.137034014,847.663269,120.5319824,884.6438599,175.6428223
Match_63_TATA_IPL_2025_MI_vs_DC,Delhi Capitals,,Acko_cap_logo_clear,Acko,cap,logo,clear,0.106589377,846.1629639,112.6858521,895.8999023,186.7799072
Match_63_TATA_IPL_2025_MI_vs_DC,Delhi Capitals,,DPWorld_jersey_back_logo_clear,DPWorld,jersey,back_logo,clear,0.583321095,838.0332031,322.6799316,983.2468262,410.2609863
Match_63_TATA_IPL_2025_MI_vs_DC,Delhi Capitals,,EcoLink_cap_logo_partially_visible,EcoLink,cap,logo,partially_visible,0.182538345,193.2251892,239.7333984,283.8847961,298.7264404
Match_63_TATA_IPL_2025_MI_vs_DC,Delhi Capitals,,AvonCycles_trousers_logo_clear,AvonCycles,trousers,logo,clear,0.16167447,475.9283752,735.2390137,626.2840576,842.2121582
Match_63_TATA_IPL_2025_MI_vs_DC,Delhi Capitals,,Freemans_cap_logo_partially_visible,Freemans,cap,logo,partially_visible,0.147947744,191.729187,242.9264526,283.2161255,299.5220947
Match_63_TATA_IPL_2025_MI_vs_DC,Delhi Capitals,,DPWorld_jersey_back_logo_clear,DPWorld,jersey,back_logo,clear,0.13290675,157.806366,385.634613,317.8297729,471.4394226
Match_63_TATA_IPL_2025_MI_vs_DC,Delhi Capitals,,KentMineralRO_jersey_chest_logo_partially_visible,KentMineralRO,jersey,chest_logo,partially_visible,0.130028114,846.2885132,314.3136597,985.8140259,411.0861816
Match_63_TATA_IPL_2025_MI_vs_DC,Delhi Capitals,,DPWorld_jersey_back_logo_clear,DPWorld,jersey,back_logo,clear,0.840507686,518.3448486,201.4243164,646.8535156,262.8827515
Match_63_TATA_IPL_2025_MI_vs_DC,Delhi Capitals,,DPWorld_jersey_back_logo_clear,DPWorld,jersey,back_logo,clear,0.315192491,776.7772217,184.6621094,893.4876709,244.7317505
Match_63_TATA_IPL_2025_MI_vs_DC,Delhi Capitals,,GMR_jersey_sleeve_logo_partially_visible,GMR,jersey,sleeve_logo,partially_visible,0.22315909,233.0143433,265.368042,282.2991943,298.7087402
Match_63_TATA_IPL_2025_MI_vs_DC,Delhi Capitals,,Jio_jersey_shoulder_logo_partially_visible,Jio,jersey,shoulder_logo,partially_visible,0.426286787,813.0463867,266.3387451,856.2180176,319.3575439
Match_63_TATA_IPL_2025_MI_vs_DC,Delhi Capitals,,Jio_jersey_shoulder_logo_partially_visible,Jio,jersey,shoulder_logo,partially_visible,0.112188332,809.3502197,266.2666016,861.6348877,332.1566162
Match_63_TATA_IPL_2025_MI_vs_DC,Delhi Capitals,,HeroFincorp_jersey_chest_logo_clear,HeroFincorp,jersey,chest_logo,clear,0.368410349,610.6824951,318.4486694,688.4412842,368.9740601
Match_63_TATA_IPL_2025_MI_vs_DC,Delhi Capitals,,motorola_trousers_logo_blurry,motorola,trousers,logo,blurry,0.656830668,452.6573486,524.286499,554.2523193,584.2078857
Match_63_TATA_IPL_2025_MI_vs_DC,Delhi Capitals,,Encalm_trousers_logo_partially_visible,Encalm,trousers,logo,partially_visible,0.193821386,600.3155518,500.7492676,724.8624268,581.2167969
Match_63_TATA_IPL_2025_MI_vs_DC,Delhi Capitals,,Encalm_trousers_logo_clear,Encalm,trousers,logo,clear,0.173826337,603.0157471,499.4818115,719.9718018,580.6453857
Match_63_TATA_IPL_2025_MI_vs_DC,Delhi Capitals,,Jio_jersey_shoulder_logo_partially_visible,Jio,jersey,shoulder_logo,partially_visible,0.157225162,667.1539917,307.1296692,706.0755005,342.2986755
Match_63_TATA_IPL_2025_MI_vs_DC,Delhi Capitals,,HeroFincorp_jersey_chest_logo_obstructed,HeroFincorp,jersey,chest_logo,obstructed,0.11614415,559.1568604,305.4379272,658.8914795,397.5563354
Match_63_TATA_IPL_2025_MI_vs_DC,Delhi Capitals,,Jio_jersey_shoulder_logo_partially_visible,Jio,jersey,shoulder_logo,partially_visible,0.732422709,429.7331543,243.9764404,483.8212891,299.6550293
Match_63_TATA_IPL_2025_MI_vs_DC,Delhi Capitals,,motorola_trousers_logo_clear,motorola,trousers,logo,clear,0.503760278,493.5703125,446.2126465,587.3666992,505.2230225
Match_63_TATA_IPL_2025_MI_vs_DC,Delhi Capitals,,motorola_trousers_logo_blurry,motorola,trousers,logo,blurry,0.316897333,492.879425,437.9464722,589.9343262,500.5540161
Match_63_TATA_IPL_2025_MI_vs_DC,Delhi Capitals,,Puma_jersey_sleeve_logo_clear,Puma,jersey,sleeve_logo,clear,0.128291816,386.3851929,230.2837372,432.6026001,289.3947144
Match_63_TATA_IPL_2025_MI_vs_DC,Delhi Capitals,,AllSeasons_jersey_chest_logo_blurry,AllSeasons,jersey,chest_logo,blurry,0.414903224,573.9412842,249.0958862,655.8792725,297.3688354
Match_63_TATA_IPL_2025_MI_vs_DC,Delhi Capitals,,DPWorld_jersey_back_logo_clear,DPWorld,jersey,back_logo,clear,0.312259376,226.6644287,182.8241577,354.001709,254.8283386
Match_63_TATA_IPL_2025_MI_vs_DC,Delhi Capitals,,GMR_jersey_sleeve_logo_clear,GMR,jersey,sleeve_logo,clear,0.190490082,905.453125,171.3236389,974.0683594,209.6494446
Match_63_TATA_IPL_2025_MI_vs_DC,Delhi Capitals,,motorola_trousers_logo_blurry,motorola,trousers,logo,blurry,0.183684409,612.0933838,483.4616089,718.4844971,535.5857544
Match_63_TATA_IPL_2025_MI_vs_DC,Delhi Capitals,,KentMineralRO_jersey_chest_logo_partially_visible,KentMineralRO,jersey,chest_logo,partially_visible,0.123413801,232.6548157,181.339447,350.8199158,251.3935852
Match_63_TATA_IPL_2025_MI_vs_DC,Delhi Capitals,,BKT_jersey_back_logo_clear,BKT,jersey,back_logo,clear,0.117336452,232.717926,181.0215759,349.2048035,251.4430847
Match_63_TATA_IPL_2025_MI_vs_DC,Delhi Capitals,,HeroFincorp_jersey_chest_logo_partially_visible,HeroFincorp,jersey,chest_logo,partially_visible,0.259389728,791.2849731,240.407074,932.6939087,313.6995544
Match_63_TATA_IPL_2025_MI_vs_DC,Delhi Capitals,,Jio_jersey_shoulder_logo_partially_visible,Jio,jersey,shoulder_logo,partially_visible,0.205717251,834.9761963,82.92036438,898.4918213,136.2621307
Match_63_TATA_IPL_2025_MI_vs_DC,Delhi Capitals,,HeroFincorp_jersey_chest_logo_clear,HeroFincorp,jersey,chest_logo,clear,0.202825978,789.1460571,237.027832,932.9613647,312.1578369
Match_63_TATA_IPL_2025_MI_vs_DC,Delhi Capitals,,Encalm_trousers_logo_clear,Encalm,trousers,logo,clear,0.17439118,605.2303467,488.1322632,705.6156006,556.7160034
Match_63_TATA_IPL_2025_MI_vs_DC,Delhi Capitals,,motorola_trousers_logo_blurry,motorola,trousers,logo,blurry,0.166617662,874.8796387,439.6253052,954.3144531,494.9763794
Match_63_TATA_IPL_2025_MI_vs_DC,Delhi Capitals,,motorola_trousers_logo_blurry,motorola,trousers,logo,blurry,0.111393571,598.5578613,491.4678345,706.0297852,563.1261597
Match_63_TATA_IPL_2025_MI_vs_DC,Delhi Capitals,,Jio_jersey_shoulder_logo_blurry,Jio,jersey,shoulder_logo,blurry,0.104167044,240.4588776,376.0023804,288.2547607,418.1432495
Match_63_TATA_IPL_2025_MI_vs_DC,Delhi Capitals,,HeroFincorp_jersey_chest_logo_partially_visible,HeroFincorp,jersey,chest_logo,partially_visible,0.12185546,230.7541809,306.4751892,354.1958923,353.7923889
Match_63_TATA_IPL_2025_MI_vs_DC,Delhi Capitals,,Jio_jersey_shoulder_logo_partially_visible,Jio,jersey,shoulder_logo,partially_visible,0.634647906,720.861145,328.444397,759.5725708,379.9163208
Match_63_TATA_IPL_2025_MI_vs_DC,Delhi Capitals,,AstralPipes_jersey_shoulder_logo_partially_visible,AstralPipes,jersey,shoulder_logo,partially_visible,0.58506459,765.4276123,315.8422241,833.5787354,395.2859497
Match_63_TATA_IPL_2025_MI_vs_DC,Delhi Capitals,,Encalm_trousers_logo_partially_visible,Encalm,trousers,logo,partially_visible,0.31420505,844.6224365,494.6304932,928.2601318,552.7384033
Match_63_TATA_IPL_2025_MI_vs_DC,Delhi Capitals,,motorola_trousers_logo_blurry,motorola,trousers,logo,blurry,0.273872823,758.4123535,553.6157837,852.529541,607.0285034
Match_63_TATA_IPL_2025_MI_vs_DC,Delhi Capitals,,Jio_jersey_shoulder_logo_partially_visible,Jio,jersey,shoulder_logo,partially_visible,0.225412965,714.3405762,328.6843262,761.706665,388.5332031
Match_63_TATA_IPL_2025_MI_vs_DC,Delhi Capitals,,AllSeasons_jersey_chest_logo_blurry,AllSeasons,jersey,chest_logo,blurry,0.102421694,546.1047974,320.2405701,607.3842163,360.6786804
Match_63_TATA_IPL_2025_MI_vs_DC,Delhi Capitals,,DPWorld_jersey_back_logo_clear,DPWorld,jersey,back_logo,clear,0.381467521,538.3597412,310.0942078,645.4517822,355.2452698
Match_63_TATA_IPL_2025_MI_vs_DC,Delhi Capitals,,HeroFincorp_jersey_chest_logo_partially_visible,HeroFincorp,jersey,chest_logo,partially_visible,0.290246546,872.1856689,316.1802673,965.1990967,366.3516541
Match_63_TATA_IPL_2025_MI_vs_DC,Delhi Capitals,,Dream11_jersey_chest_logo_blurry,Dream11,jersey,chest_logo,blurry,0.175262213,874.8578491,317.7106018,966.9036255,369.985199
Match_63_TATA_IPL_2025_MI_vs_DC,Delhi Capitals,,motorola_trousers_logo_blurry,motorola,trousers,logo,blurry,0.167791575,867.147522,504.0002441,931.7774048,543.9196777
Match_63_TATA_IPL_2025_MI_vs_DC,Delhi Capitals,,KentMineralRO_jersey_chest_logo_partially_visible,KentMineralRO,jersey,chest_logo,partially_visible,0.157843068,1015.358093,268.9049377,1073.617432,326.0661316
Match_63_TATA_IPL_2025_MI_vs_DC,Delhi Capitals,,BKT_jersey_back_logo_blurry,BKT,jersey,back_logo,blurry,0.137807474,206.2862854,343.6955261,298.2088928,381.1919861
Match_63_TATA_IPL_2025_MI_vs_DC,Delhi Capitals,,BKT_jersey_back_logo_partially_visible,BKT,jersey,back_logo,partially_visible,0.106958933,204.1007385,343.2501526,299.8016052,381.6772766
Match_63_TATA_IPL_2025_MI_vs_DC,Delhi Capitals,,Freemans_cap_logo_partially_visible,Freemans,cap,logo,partially_visible,0.103637561,770.6695557,182.894165,831.727417,228.1412354
Match_63_TATA_IPL_2025_MI_vs_DC,Delhi Capitals,,BKT_jersey_back_logo_blurry,BKT,jersey,back_logo,blurry,0.101720341,530.0158081,309.2684326,644.2837524,356.934021
Match_63_TATA_IPL_2025_MI_vs_DC,Delhi Capitals,,DPWorld_jersey_back_logo_clear,DPWorld,jersey,back_logo,clear,0.10087049,748.7160645,288.1279907,818.1689453,340.3649292
Match_63_TATA_IPL_2025_MI_vs_DC,Delhi Capitals,,BKT_jersey_back_logo_partially_visible,BKT,jersey,back_logo,partially_visible,0.140258834,272.3040466,284.2886353,366.4895325,338.3046265
Match_63_TATA_IPL_2025_MI_vs_DC,Delhi Capitals,,DPWorld_jersey_back_logo_clear,DPWorld,jersey,back_logo,clear,0.130699098,272.6329651,281.2598877,367.606781,337.5731201
Match_63_TATA_IPL_2025_MI_vs_DC,Delhi Capitals,,AllSeasons_jersey_chest_logo_blurry,AllSeasons,jersey,chest_logo,blurry,0.637395203,106.9942093,246.0372925,188.9825439,296.5003052
Match_63_TATA_IPL_2025_MI_vs_DC,Delhi Capitals,,HeroFincorp_jersey_chest_logo_clear,HeroFincorp,jersey,chest_logo,clear,0.525833666,127.5892334,252.5181885,251.2619934,334.4597778
Match_63_TATA_IPL_2025_MI_vs_DC,Delhi Capitals,,Encalm_trousers_logo_partially_visible,Encalm,trousers,logo,partially_visible,0.197657332,714.4110718,494.2459106,790.880188,551.6752319
Match_63_TATA_IPL_2025_MI_vs_DC,Delhi Capitals,,GMR_jersey_sleeve_logo_clear,GMR,jersey,sleeve_logo,clear,0.125030428,472.7288818,340.511322,559.0782471,391.3648376
Match_63_TATA_IPL_2025_MI_vs_DC,Delhi Capitals,,motorola_trousers_logo_blurry,motorola,trousers,logo,blurry,0.25985828,225.727356,261.5621338,288.0129395,298.3084106
Match_63_TATA_IPL_2025_MI_vs_DC,Delhi Capitals,,GMR_jersey_sleeve_logo_clear,GMR,jersey,sleeve_logo,clear,0.204149872,225.8166809,262.0012817,288.5455017,297.5322876
Match_63_TATA_IPL_2025_MI_vs_DC,Delhi Capitals,,Valvoline_jersey_sleeve_logo_blurry,Valvoline,jersey,sleeve_logo,blurry,0.166795582,968.8894043,267.3656006,1023.972168,316.7279053
Match_63_TATA_IPL_2025_MI_vs_DC,Delhi Capitals,,GMR_jersey_sleeve_logo_partially_visible,GMR,jersey,sleeve_logo,partially_visible,0.107497483,975.1407471,243.8645325,1030.996704,284.6679993
Match_63_TATA_IPL_2025_MI_vs_DC,Delhi Capitals,,BKT_jersey_back_logo_partially_visible,BKT,jersey,back_logo,partially_visible,0.104587756,226.5182495,261.697113,288.4453735,299.0812683
Match_63_TATA_IPL_2025_MI_vs_DC,Delhi Capitals,,Jio_jersey_shoulder_logo_partially_visible,Jio,jersey,shoulder_logo,partially_visible,0.20153071,578.5693359,283.4724121,633.8823242,334.7438965
Match_63_TATA_IPL_2025_MI_vs_DC,Delhi Capitals,,RayzonSolar_trousers_logo_partially_visible,RayzonSolar,trousers,logo,partially_visible,0.172161117,719.1186523,463.8021545,787.2033691,516.6778564
Match_63_TATA_IPL_2025_MI_vs_DC,Delhi Capitals,,HeroFincorp_jersey_chest_logo_clear,HeroFincorp,jersey,chest_logo,clear,0.141116276,1106.833984,335.316803,1193.950195,385.2607727
Match_63_TATA_IPL_2025_MI_vs_DC,Delhi Capitals,,AllSeasons_jersey_chest_logo_blurry,AllSeasons,jersey,chest_logo,blurry,0.139614463,193.2972717,264.8588257,254.2452698,305.4896851
Match_63_TATA_IPL_2025_MI_vs_DC,Delhi Capitals,,Puma_jersey_sleeve_logo_clear,Puma,jersey,sleeve_logo,clear,0.130375028,570.3005371,258.5425415,620.277832,292.562561
Match_63_TATA_IPL_2025_MI_vs_DC,Delhi Capitals,,Dazzler_foreground_banner_obstructed,Dazzler,foreground,banner,obstructed,0.485016286,535.9112549,750.9676514,999.7978516,853.8233643
Match_63_TATA_IPL_2025_MI_vs_DC,Delhi Capitals,,Dazzler_foreground_banner_obstructed,Dazzler,foreground,banner,obstructed,0.335253507,348.2169189,749.87854,1009.446533,852.762085
Match_63_TATA_IPL_2025_MI_vs_DC,Delhi Capitals,,Dazzler_foreground_banner_obstructed,Dazzler,foreground,banner,obstructed,0.145160079,236.8359375,748.7127686,872.1324463,852.4489746
Match_63_TATA_IPL_2025_MI_vs_DC,Delhi Capitals,,DPWorld_jersey_back_logo_clear,DPWorld,jersey,back_logo,clear,0.666991949,894.4453125,252.6902466,1031.805054,346.6975708
Match_63_TATA_IPL_2025_MI_vs_DC,Delhi Capitals,,EcoLink_cap_logo_clear,EcoLink,cap,logo,clear,0.223186851,988.1654053,173.1414185,1085.753052,229.4180298
Match_63_TATA_IPL_2025_MI_vs_DC,Delhi Capitals,,EcoLink_cap_logo_partially_visible,EcoLink,cap,logo,partially_visible,0.154302195,986.6706543,170.502533,1085.930176,233.0628967
Match_63_TATA_IPL_2025_MI_vs_DC,Delhi Capitals,,Jio_jersey_shoulder_logo_partially_visible,Jio,jersey,shoulder_logo,partially_visible,0.133517012,1120.604492,341.506958,1200.977539,398.2929688
Match_63_TATA_IPL_2025_MI_vs_DC,Delhi Capitals,,Freemans_cap_logo_partially_visible,Freemans,cap,logo,partially_visible,0.132250458,844.1629639,105.0116348,939.4937744,180.3283997
Match_63_TATA_IPL_2025_MI_vs_DC,Delhi Capitals,,DPWorld_jersey_back_logo_clear,DPWorld,jersey,back_logo,clear,0.303033799,770.9204102,158.1225891,884.8447266,237.9035339
Match_63_TATA_IPL_2025_MI_vs_DC,Delhi Capitals,,motorola_trousers_logo_blurry,motorola,trousers,logo,blurry,0.20668976,1102.334717,568.2590332,1168.201172,618.975708
Match_63_TATA_IPL_2025_MI_vs_DC,Delhi Capitals,,AllSeasons_jersey_chest_logo_blurry,AllSeasons,jersey,chest_logo,blurry,0.204053357,956.7250977,346.8985901,1082.449951,400.1105042
Match_63_TATA_IPL_2025_MI_vs_DC,Delhi Capitals,,HeroFincorp_jersey_chest_logo_partially_visible,HeroFincorp,jersey,chest_logo,partially_visible,0.160094008,958.7424316,390.2348633,1095.620361,436.852478
Match_63_TATA_IPL_2025_MI_vs_DC,Delhi Capitals,,HeroFincorp_jersey_chest_logo_partially_visible,HeroFincorp,jersey,chest_logo,partially_visible,0.561027646,284.8861084,317.034729,368.2796631,359.5369263
Match_63_TATA_IPL_2025_MI_vs_DC,Delhi Capitals,,AllSeasons_jersey_chest_logo_clear,AllSeasons,jersey,chest_logo,clear,0.218784109,283.6177673,317.9793701,367.3479309,361.1452637
Match_63_TATA_IPL_2025_MI_vs_DC,Delhi Capitals,,Dream11_jersey_chest_logo_obstructed,Dream11,jersey,chest_logo,obstructed,0.102492817,281.960022,318.9580078,366.8102417,362.3071289
Match_63_TATA_IPL_2025_MI_vs_DC,Delhi Capitals,,DPWorld_jersey_back_logo_clear,DPWorld,jersey,back_logo,clear,0.133600771,314.7151489,186.2654724,433.1467896,273.0132141
Match_63_TATA_IPL_2025_MI_vs_DC,Delhi Capitals,,motorola_trousers_logo_blurry,motorola,trousers,logo,blurry,0.630226552,271.8204041,474.8470459,360.4501038,532.0026855
Match_63_TATA_IPL_2025_MI_vs_DC,Delhi Capitals,,Encalm_trousers_logo_partially_visible,Encalm,trousers,logo,partially_visible,0.192434251,839.076355,494.197876,949.6488647,565.3040771
Match_63_TATA_IPL_2025_MI_vs_DC,Delhi Capitals,,Dream11_jersey_chest_logo_clear,Dream11,jersey,chest_logo,clear,0.190598041,765.9088135,285.1004639,915.1263428,350.133667
Match_63_TATA_IPL_2025_MI_vs_DC,Delhi Capitals,,Dream11_jersey_chest_logo_clear,Dream11,jersey,chest_logo,clear,0.167975023,194.4590912,298.0101318,338.9355469,359.2224121
Match_63_TATA_IPL_2025_MI_vs_DC,Delhi Capitals,,AllSeasons_jersey_chest_logo_blurry,AllSeasons,jersey,chest_logo,blurry,0.114037812,191.0666199,263.7996216,270.7509766,301.4395142
Match_63_TATA_IPL_2025_MI_vs_DC,Delhi Capitals,,motorola_trousers_logo_blurry,motorola,trousers,logo,blurry,0.113027036,179.9303284,471.0953979,274.0884705,535.6408081
Match_63_TATA_IPL_2025_MI_vs_DC,Delhi Capitals,,AllSeasons_jersey_chest_logo_blurry,AllSeasons,jersey,chest_logo,blurry,0.112872824,751.4691162,258.1034546,832.9019775,306.8165894
Match_63_TATA_IPL_2025_MI_vs_DC,Delhi Capitals,,Encalm_trousers_logo_partially_visible,Encalm,trousers,logo,partially_visible,0.110272162,581.5595703,470.6996155,664.4779053,537.74646
Match_63_TATA_IPL_2025_MI_vs_DC,Delhi Capitals,,Dream11_jersey_chest_logo_obstructed,Dream11,jersey,chest_logo,obstructed,0.116704427,769.3842773,440.7901001,861.4379883,507.8198853
Match_63_TATA_IPL_2025_MI_vs_DC,Delhi Capitals,,Jio_jersey_shoulder_logo_partially_visible,Jio,jersey,shoulder_logo,partially_visible,0.84010458,927.0767822,277.4196167,981.0775146,341.9940796
Match_63_TATA_IPL_2025_MI_vs_DC,Delhi Capitals,,motorola_trousers_logo_blurry,motorola,trousers,logo,blurry,0.116596527,1059.328125,401.2171631,1181.189941,506.3391113
Match_63_TATA_IPL_2025_MI_vs_DC,Delhi Capitals,,RayzonSolar_trousers_logo_partially_visible,RayzonSolar,trousers,logo,partially_visible,0.151895091,930.5241699,483.2739868,1037.878174,558.8900757
Match_63_TATA_IPL_2025_MI_vs_DC,Delhi Capitals,,HeroFincorp_jersey_chest_logo_partially_visible,HeroFincorp,jersey,chest_logo,partially_visible,0.240153119,630.0755615,427.6596069,801.7434082,511.036377
Match_63_TATA_IPL_2025_MI_vs_DC,Delhi Capitals,,motorola_trousers_logo_blurry,motorola,trousers,logo,blurry,0.212929979,736.8278809,703.8422852,835.2407227,775.7995605
Match_63_TATA_IPL_2025_MI_vs_DC,Delhi Capitals,,kshema_trousers_logo_clear,kshema,trousers,logo,clear,0.146095812,306.0685425,738.4309082,453.2171631,841.9248047
Match_63_TATA_IPL_2025_MI_vs_DC,Delhi Capitals,,HeroFincorp_jersey_chest_logo_clear,HeroFincorp,jersey,chest_logo,clear,0.139777794,637.3382568,423.7719116,802.3813477,508.7914429
Match_63_TATA_IPL_2025_MI_vs_DC,Delhi Capitals,,BKT_jersey_back_logo_clear,BKT,jersey,back_logo,clear,0.138009399,357.8603516,341.4219055,484.4279785,396.1936951
Match_63_TATA_IPL_2025_MI_vs_DC,Delhi Capitals,,Acko_cap_logo_clear,Acko,cap,logo,clear,0.303024352,769.4538574,159.3016968,859.2301025,239.6177368
Match_63_TATA_IPL_2025_MI_vs_DC,Delhi Capitals,,DPWorld_jersey_back_logo_clear,DPWorld,jersey,back_logo,clear,0.52227664,138.1852112,314.1001587,233.8634949,362.0357056
Match_63_TATA_IPL_2025_MI_vs_DC,Delhi Capitals,,Torrent_Group_jersey_chest_logo_blurry,Torrent,Group,jersey_chest_logo,blurry,0.23159267,137.6078491,312.72052,230.3729248,360.1713257
Match_63_TATA_IPL_2025_MI_vs_DC,Delhi Capitals,,KentMineralRO_jersey_chest_logo_partially_visible,KentMineralRO,jersey,chest_logo,partially_visible,0.225654006,138.8981781,312.5498657,226.0341644,359.9568481
Match_63_TATA_IPL_2025_MI_vs_DC,Delhi Capitals,,DPWorld_jersey_back_logo_blurry,DPWorld,jersey,back_logo,blurry,0.182951525,135.8008728,313.7423096,231.2861633,361.2261963
Match_63_TATA_IPL_2025_MI_vs_DC,Delhi Capitals,,Jio_jersey_shoulder_logo_partially_visible,Jio,jersey,shoulder_logo,partially_visible,0.490178913,513.6070557,302.6826172,575.5418701,361.2362061
Match_63_TATA_IPL_2025_MI_vs_DC,Delhi Capitals,,Encalm_trousers_logo_clear,Encalm,trousers,logo,clear,0.181847185,559.6011963,532.2740479,641.800415,587.1563721
Match_63_TATA_IPL_2025_MI_vs_DC,Delhi Capitals,,motorola_trousers_logo_blurry,motorola,trousers,logo,blurry,0.175667569,497.3994751,571.8226318,563.0337524,616.5603027
Match_63_TATA_IPL_2025_MI_vs_DC,Delhi Capitals,,motorola_trousers_logo_partially_visible,motorola,trousers,logo,partially_visible,0.112870261,497.7644043,572.5004883,564.0185547,619.0483398
Match_63_TATA_IPL_2025_MI_vs_DC,Delhi Capitals,,motorola_trousers_logo_partially_visible,motorola,trousers,logo,partially_visible,0.109666109,558.9349365,534.4404907,643.0643311,591.3849487
Match_63_TATA_IPL_2025_MI_vs_DC,Delhi Capitals,,motorola_trousers_logo_blurry,motorola,trousers,logo,blurry,0.103133485,557.3555908,535.4056396,644.6837158,595.1358643
Match_63_TATA_IPL_2025_MI_vs_DC,Delhi Capitals,,Jio_jersey_shoulder_logo_partially_visible,Jio,jersey,shoulder_logo,partially_visible,0.756496012,591.918457,341.4499817,656.8232422,395.8042297
Match_63_TATA_IPL_2025_MI_vs_DC,Delhi Capitals,,Encalm_trousers_logo_partially_visible,Encalm,trousers,logo,partially_visible,0.149254575,722.2044678,455.2774963,821.7183838,530.6934814
Match_63_TATA_IPL_2025_MI_vs_DC,Delhi Capitals,,motorola_trousers_logo_blurry,motorola,trousers,logo,blurry,0.109017283,615.9003296,522.9724121,714.3952026,583.6911621
Match_63_TATA_IPL_2025_MI_vs_DC,Delhi Capitals,,Jio_jersey_shoulder_logo_partially_visible,Jio,jersey,shoulder_logo,partially_visible,0.169685706,363.7305298,334.5802612,418.9745483,403.1182251
Match_63_TATA_IPL_2025_MI_vs_DC,Delhi Capitals,,Dream11_jersey_chest_logo_clear,Dream11,jersey,chest_logo,clear,0.161060676,443.9547424,325.78302,670.9627686,462.6956177
Match_63_TATA_IPL_2025_MI_vs_DC,Delhi Capitals,,HeroFincorp_jersey_chest_logo_obstructed,HeroFincorp,jersey,chest_logo,obstructed,0.260476887,590.0836182,272.743042,694.7718506,356.7022705
Match_63_TATA_IPL_2025_MI_vs_DC,Delhi Capitals,,Encalm_trousers_logo_clear,Encalm,trousers,logo,clear,0.187841058,659.2961426,442.6865234,745.0979004,499.3912354
Match_63_TATA_IPL_2025_MI_vs_DC,Delhi Capitals,,Jio_jersey_shoulder_logo_partially_visible,Jio,jersey,shoulder_logo,partially_visible,0.152933896,543.7683105,263.9859619,589.8154297,304.9731445
Match_63_TATA_IPL_2025_MI_vs_DC,Delhi Capitals,,Jio_jersey_shoulder_logo_partially_visible,Jio,jersey,shoulder_logo,partially_visible,0.744189084,479.1748047,550.5727539,537.2294312,622.3446045
Match_63_TATA_IPL_2025_MI_vs_DC,Delhi Capitals,,Jio_jersey_shoulder_logo_clear,Jio,jersey,shoulder_logo,clear,0.551630318,479.3082886,551.3060303,537.444519,617.9709473
Match_63_TATA_IPL_2025_MI_vs_DC,Delhi Capitals,,Puma_jersey_sleeve_logo_clear,Puma,jersey,sleeve_logo,clear,0.534160674,426.3979492,550.9399414,486.1967773,629.8371582
Match_63_TATA_IPL_2025_MI_vs_DC,Delhi Capitals,,Puma_jersey_sleeve_logo_clear,Puma,jersey,sleeve_logo,clear,0.128176033,411.5792236,554.534668,479.5406494,635.8317871
Match_63_TATA_IPL_2025_MI_vs_DC,Delhi Capitals,,AvonCycles_trousers_logo_clear,AvonCycles,trousers,logo,clear,0.456211984,914.744873,649.8815918,994.9907227,722.4453125
Match_63_TATA_IPL_2025_MI_vs_DC,Delhi Capitals,,GMR_jersey_sleeve_logo_clear,GMR,jersey,sleeve_logo,clear,0.206533894,178.5205994,361.8129883,262.728302,411.6010742
Match_63_TATA_IPL_2025_MI_vs_DC,Delhi Capitals,,HeroFincorp_jersey_chest_logo_obstructed,HeroFincorp,jersey,chest_logo,obstructed,0.317814022,400.1000366,430.0994263,544.4267578,507.3707886
Match_63_TATA_IPL_2025_MI_vs_DC,Delhi Capitals,,Acko_cap_logo_clear,Acko,cap,logo,clear,0.23956576,943.925293,219.3166046,1010.751465,295.3355103
Match_63_TATA_IPL_2025_MI_vs_DC,Delhi Capitals,,Encalm_trousers_logo_clear,Encalm,trousers,logo,clear,0.202545449,420.2924805,654.6121216,509.7068481,713.3118286
Match_63_TATA_IPL_2025_MI_vs_DC,Delhi Capitals,,EcoLink_cap_logo_clear,EcoLink,cap,logo,clear,0.171022251,945.9023438,384.7861633,1027.153564,431.1070251
Match_63_TATA_IPL_2025_MI_vs_DC,Delhi Capitals,,motorola_trousers_logo_blurry,motorola,trousers,logo,blurry,0.120796494,561.7782593,651.0673828,645.9636841,709.3588867
Match_63_TATA_IPL_2025_MI_vs_DC,Delhi Capitals,,Freemans_cap_logo_partially_visible,Freemans,cap,logo,partially_visible,0.117355227,944.8665161,218.8871155,1014.488708,293.8927917
Match_63_TATA_IPL_2025_MI_vs_DC,Delhi Capitals,,GMR_jersey_sleeve_logo_clear,GMR,jersey,sleeve_logo,clear,0.108861752,944.053833,381.04953,1031.479614,429.2353821
Match_63_TATA_IPL_2025_MI_vs_DC,Delhi Capitals,,Acko_cap_logo_clear,Acko,cap,logo,clear,0.100695737,940.2481689,220.4225006,989.2987061,300.7325439
Match_63_TATA_IPL_2025_MI_vs_DC,Delhi Capitals,,BKT_jersey_back_logo_clear,BKT,jersey,back_logo,clear,0.263262063,773.4052734,349.9755554,929.4926758,436.7343445
Match_63_TATA_IPL_2025_MI_vs_DC,Delhi Capitals,,AllSeasons_jersey_sleeve_logo_clear,AllSeasons,jersey,sleeve_logo,clear,0.205764294,774.7827759,348.369873,926.6744995,435.3533936
Match_63_TATA_IPL_2025_MI_vs_DC,Delhi Capitals,,BKT_jersey_back_logo_blurry,BKT,jersey,back_logo,blurry,0.298537314,1035.644775,266.2977905,1153.752686,327.0601807
Match_63_TATA_IPL_2025_MI_vs_DC,Delhi Capitals,,kshema_trousers_logo_partially_visible,kshema,trousers,logo,partially_visible,0.273286402,660.2607422,449.8556519,727.1484375,496.5335083
Match_63_TATA_IPL_2025_MI_vs_DC,Delhi Capitals,,DPWorld_jersey_back_logo_blurry,DPWorld,jersey,back_logo,blurry,0.230574086,1038.362549,275.6365967,1151.416748,327.916626
Match_63_TATA_IPL_2025_MI_vs_DC,Delhi Capitals,,AllSeasons_jersey_chest_logo_blurry,AllSeasons,jersey,chest_logo,blurry,0.159450144,659.6712036,284.7224121,726.7904663,323.8883057
Match_63_TATA_IPL_2025_MI_vs_DC,Delhi Capitals,,DPWorld_jersey_back_logo_clear,DPWorld,jersey,back_logo,clear,0.142396018,1037.20166,273.8997803,1159.914551,329.5671387
Match_63_TATA_IPL_2025_MI_vs_DC,Delhi Capitals,,kshema_trousers_logo_partially_visible,kshema,trousers,logo,partially_visible,0.131131172,719.5618286,460.4469604,776.2206421,500.1741943
Match_63_TATA_IPL_2025_MI_vs_DC,Delhi Capitals,,DPWorld_jersey_back_logo_blurry,DPWorld,jersey,back_logo,blurry,0.118485652,1040.220825,267.0463867,1150.807983,317.3860474
Match_63_TATA_IPL_2025_MI_vs_DC,Delhi Capitals,,Torrent_Group_jersey_chest_logo_blurry,Torrent,Group,jersey_chest_logo,blurry,0.110949256,1036.175049,263.3960571,1150.321533,311.9975586
Match_63_TATA_IPL_2025_MI_vs_DC,Delhi Capitals,,Dream11_jersey_chest_logo_clear,Dream11,jersey,chest_logo,clear,0.107125208,657.5039063,313.0473938,779.1773682,358.8541565
Match_63_TATA_IPL_2025_MI_vs_DC,Delhi Capitals,,kshema_trousers_logo_blurry,kshema,trousers,logo,blurry,0.102210425,720.8377686,458.0302124,778.1777344,500.8198853
Match_63_TATA_IPL_2025_MI_vs_DC,Delhi Capitals,,kshema_trousers_logo_obstructed,kshema,trousers,logo,obstructed,0.218773842,778.2734375,528.7001953,903.5888672,605.6083984
Match_63_TATA_IPL_2025_MI_vs_DC,Delhi Capitals,,Dream11_jersey_chest_logo_clear,Dream11,jersey,chest_logo,clear,0.173503906,668.206543,259.4158936,844.670166,374.6242676
Match_63_TATA_IPL_2025_MI_vs_DC,Delhi Capitals,,motorola_trousers_logo_partially_visible,motorola,trousers,logo,partially_visible,0.153976038,775.7862549,527.1610107,907.2384033,601.9040527
Match_63_TATA_IPL_2025_MI_vs_DC,Delhi Capitals,,kshema_trousers_logo_clear,kshema,trousers,logo,clear,0.142400101,779.5583496,525.9471436,905.7700195,601.6855469
Match_63_TATA_IPL_2025_MI_vs_DC,Delhi Capitals,,motorola_trousers_logo_blurry,motorola,trousers,logo,blurry,0.100900501,775.0656738,528.7026367,905.713623,603.8303223
Match_63_TATA_IPL_2025_MI_vs_DC,Delhi Capitals,,motorola_trousers_logo_partially_visible,motorola,trousers,logo,partially_visible,0.167336509,444.4046631,763.6477051,574.7648926,834.9056396
Match_63_TATA_IPL_2025_MI_vs_DC,Delhi Capitals,,Jio_jersey_shoulder_logo_partially_visible,Jio,jersey,shoulder_logo,partially_visible,0.153431952,993.2810059,324.1130371,1076.043213,394.7393799
Match_63_TATA_IPL_2025_MI_vs_DC,Delhi Capitals,,kshema_trousers_logo_clear,kshema,trousers,logo,clear,0.138393879,446.5046997,755.1921997,578.225647,834.5458374
Match_63_TATA_IPL_2025_MI_vs_DC,Delhi Capitals,,EcoLink_cap_logo_clear,EcoLink,cap,logo,clear,0.280966699,826.1557007,371.5446167,915.7477417,429.1105347
Match_63_TATA_IPL_2025_MI_vs_DC,Delhi Capitals,,kshema_trousers_logo_clear,kshema,trousers,logo,clear,0.168153837,735.5805054,730.5219727,879.0339966,802.7310791
Match_63_TATA_IPL_2025_MI_vs_DC,Delhi Capitals,,AvonCycles_trousers_logo_clear,AvonCycles,trousers,logo,clear,0.162314281,736.5740967,728.9271851,877.6405029,803.3457642
Match_63_TATA_IPL_2025_MI_vs_DC,Delhi Capitals,,motorola_trousers_logo_blurry,motorola,trousers,logo,blurry,0.644592881,691.2089844,415.2000427,771.6199951,473.2893982
Match_63_TATA_IPL_2025_MI_vs_DC,Delhi Capitals,,Jio_jersey_shoulder_logo_partially_visible,Jio,jersey,shoulder_logo,partially_visible,0.348927617,671.6759644,231.6159363,710.3644409,276.6578064
Match_63_TATA_IPL_2025_MI_vs_DC,Delhi Capitals,,Encalm_trousers_logo_partially_visible,Encalm,trousers,logo,partially_visible,0.236788779,240.229248,455.0274048,315.6741943,511.664856
Match_63_TATA_IPL_2025_MI_vs_DC,Delhi Capitals,,Encalm_trousers_logo_clear,Encalm,trousers,logo,clear,0.207354516,782.4656982,414.5151367,873.6136475,483.157959
Match_63_TATA_IPL_2025_MI_vs_DC,Delhi Capitals,,motorola_trousers_logo_blurry,motorola,trousers,logo,blurry,0.134200677,782.3221436,418.3053894,874.7479248,486.250824
Match_63_TATA_IPL_2025_MI_vs_DC,Delhi Capitals,,kshema_trousers_logo_clear,kshema,trousers,logo,clear,0.139838696,516.9924927,1207.895874,674.1658936,1352.006104
Match_63_TATA_IPL_2025_MI_vs_DC,Delhi Capitals,,kshema_trousers_logo_clear,kshema,trousers,logo,clear,0.139499038,518.1960449,1207.967285,792.6495972,1358.90686
Match_63_TATA_IPL_2025_MI_vs_DC,Delhi Capitals,,Dream11_jersey_chest_logo_clear,Dream11,jersey,chest_logo,clear,0.512038767,515.9217529,484.8824463,838.6417236,720.338501
Match_63_TATA_IPL_2025_MI_vs_DC,Delhi Capitals,,HeroFincorp_jersey_chest_logo_obstructed,HeroFincorp,jersey,chest_logo,obstructed,0.208915591,847.9176025,541.0467529,1113.117676,762.8050537
Match_63_TATA_IPL_2025_MI_vs_DC,Delhi Capitals,,Dream11_jersey_chest_logo_clear,Dream11,jersey,chest_logo,clear,0.158675715,0,225.8514709,214.124939,460.2955017
Match_63_TATA_IPL_2025_MI_vs_DC,Delhi Capitals,,BKT_jersey_back_logo_blurry,BKT,jersey,back_logo,blurry,0.416170418,1072.307861,337.0274048,1174.059326,378.3588257
Match_63_TATA_IPL_2025_MI_vs_DC,Delhi Capitals,,BKT_jersey_back_logo_partially_visible,BKT,jersey,back_logo,partially_visible,0.406821221,976.737793,326.8135071,1066.953491,364.9191589
Match_63_TATA_IPL_2025_MI_vs_DC,Delhi Capitals,,DPWorld_jersey_back_logo_clear,DPWorld,jersey,back_logo,clear,0.284827113,244.0550842,336.9151611,320.7546692,379.9544678
Match_63_TATA_IPL_2025_MI_vs_DC,Delhi Capitals,,BKT_jersey_back_logo_partially_visible,BKT,jersey,back_logo,partially_visible,0.271959007,246.5722351,336.4199524,324.2269592,378.3518982
Match_63_TATA_IPL_2025_MI_vs_DC,Delhi Capitals,,BKT_jersey_back_logo_partially_visible,BKT,jersey,back_logo,partially_visible,0.225754499,1072.395752,339.390564,1175.322021,379.2450562
Match_63_TATA_IPL_2025_MI_vs_DC,Delhi Capitals,,Jio_jersey_shoulder_logo_partially_visible,Jio,jersey,shoulder_logo,partially_visible,0.609073579,832.2406006,395.376709,870.5600586,439.4984131
Match_63_TATA_IPL_2025_MI_vs_DC,Delhi Capitals,,motorola_trousers_logo_blurry,motorola,trousers,logo,blurry,0.543630421,862.5505981,571.7681885,959.2849731,631.7188721
Match_63_TATA_IPL_2025_MI_vs_DC,Delhi Capitals,,Jio_jersey_shoulder_logo_partially_visible,Jio,jersey,shoulder_logo,partially_visible,0.257304996,895.7367554,340.0943909,960.218689,406.9264221
Match_40_TATA_IPL_2025_LSG_vs_DC,Delhi Capitals,,Dream11_jersey_chest_logo_clear,Dream11,jersey,chest_logo,clear,0.127205774,275.8261719,557.8202515,542.2227173,712.7454224
Match_40_TATA_IPL_2025_LSG_vs_DC,Delhi Capitals,,AllSeasons_jersey_sleeve_logo_clear,AllSeasons,jersey,sleeve_logo,clear,0.121258318,987.0665894,379.7520752,1141.979736,471.7244263
Match_40_TATA_IPL_2025_LSG_vs_DC,Delhi Capitals,,BKT_jersey_back_logo_partially_visible,BKT,jersey,back_logo,partially_visible,0.10722129,989.0618286,457.6021118,1129.725342,568.7555542
Match_40_TATA_IPL_2025_LSG_vs_DC,Delhi Capitals,,Dream11_jersey_chest_logo_clear,Dream11,jersey,chest_logo,clear,0.263908118,417.3881836,419.8279419,646.2884521,541.3154907
Match_40_TATA_IPL_2025_LSG_vs_DC,Delhi Capitals,,KentMineralRO_jersey_chest_logo_partially_visible,KentMineralRO,jersey,chest_logo,partially_visible,0.118600264,408.9884644,343.8873291,534.2041626,431.630249
Match_40_TATA_IPL_2025_LSG_vs_DC,Delhi Capitals,,Dream11_jersey_chest_logo_clear,Dream11,jersey,chest_logo,clear,0.110818565,638.0887451,313.6547852,857.4158936,420.5831299
Match_40_TATA_IPL_2025_LSG_vs_DC,Delhi Capitals,,HeroFincorp_jersey_chest_logo_clear,HeroFincorp,jersey,chest_logo,clear,0.562980533,611.1520996,345.1564636,723.3951416,408.5119934
Match_40_TATA_IPL_2025_LSG_vs_DC,Delhi Capitals,,AllSeasons_jersey_chest_logo_blurry,AllSeasons,jersey,chest_logo,blurry,0.254006624,616.1738281,316.6674805,666.1940918,359.222168
Match_40_TATA_IPL_2025_LSG_vs_DC,Delhi Capitals,,RayzonSolar_trousers_logo_partially_visible,RayzonSolar,trousers,logo,partially_visible,0.252770752,673.7612305,544.2966309,758.8543701,594.3552246
Match_40_TATA_IPL_2025_LSG_vs_DC,Delhi Capitals,,Encalm_trousers_logo_partially_visible,Encalm,trousers,logo,partially_visible,0.127894208,407.7081299,783.1030884,531.2758789,848.7937622
Match_40_TATA_IPL_2025_LSG_vs_DC,Delhi Capitals,,Jio_jersey_shoulder_logo_partially_visible,Jio,jersey,shoulder_logo,partially_visible,0.502921581,455.7693481,366.7422485,532.0986938,439.124939
Match_40_TATA_IPL_2025_LSG_vs_DC,Delhi Capitals,,AllSeasons_jersey_chest_logo_blurry,AllSeasons,jersey,chest_logo,blurry,0.25552249,558.9077759,322.2318726,632.1762085,389.9285278
Match_40_TATA_IPL_2025_LSG_vs_DC,Delhi Capitals,,Jio_jersey_shoulder_logo_clear,Jio,jersey,shoulder_logo,clear,0.167263687,454.8746948,367.3684692,534.2351685,438.0007935
Match_40_TATA_IPL_2025_LSG_vs_DC,Delhi Capitals,,HeroFincorp_jersey_chest_logo_partially_visible,HeroFincorp,jersey,chest_logo,partially_visible,0.314271837,476.9729004,304.7698364,602.9318848,375.9804077
Match_40_TATA_IPL_2025_LSG_vs_DC,Delhi Capitals,,HeroFincorp_jersey_chest_logo_clear,HeroFincorp,jersey,chest_logo,clear,0.310892522,484.0958557,305.980957,602.4266357,375.1749268
Match_40_TATA_IPL_2025_LSG_vs_DC,Delhi Capitals,,AllSeasons_jersey_chest_logo_blurry,AllSeasons,jersey,chest_logo,blurry,0.278578073,497.114563,279.0536499,544.1268921,317.6079712
Match_40_TATA_IPL_2025_LSG_vs_DC,Delhi Capitals,,Encalm_trousers_logo_clear,Encalm,trousers,logo,clear,0.204103529,463.1330566,496.256958,537.5359497,549.9290771
Match_40_TATA_IPL_2025_LSG_vs_DC,Delhi Capitals,,motorola_trousers_logo_blurry,motorola,trousers,logo,blurry,0.178798288,536.5761108,512.6643066,610.0046997,558.3562012
Match_40_TATA_IPL_2025_LSG_vs_DC,Delhi Capitals,,motorola_trousers_logo_blurry,motorola,trousers,logo,blurry,0.101371184,458.5625,495.1876221,540.951416,556.9373779
Match_40_TATA_IPL_2025_LSG_vs_DC,Delhi Capitals,,HeroFincorp_jersey_chest_logo_partially_visible,HeroFincorp,jersey,chest_logo,partially_visible,0.739207387,465.5578308,228.4484253,611.0224609,298.0009766
Match_40_TATA_IPL_2025_LSG_vs_DC,Delhi Capitals,,AllSeasons_jersey_chest_logo_blurry,AllSeasons,jersey,chest_logo,blurry,0.29658699,459.5482788,189.6071472,546.4945068,234.6160278
Match_40_TATA_IPL_2025_LSG_vs_DC,Delhi Capitals,,motorola_trousers_logo_blurry,motorola,trousers,logo,blurry,0.29630357,539.5725098,441.5627441,629.2387695,498.1026611
Match_40_TATA_IPL_2025_LSG_vs_DC,Delhi Capitals,,BKT_jersey_back_logo_clear,BKT,jersey,back_logo,clear,0.276900351,461.3113403,187.2904053,549.730896,235.77948
Match_40_TATA_IPL_2025_LSG_vs_DC,Delhi Capitals,,KentMineralRO_jersey_chest_logo_clear,KentMineralRO,jersey,chest_logo,clear,0.149893269,461.1508179,188.4862671,547.0986938,234.8227234
Match_40_TATA_IPL_2025_LSG_vs_DC,Delhi Capitals,,HeroFincorp_jersey_chest_logo_clear,HeroFincorp,jersey,chest_logo,clear,0.134390041,464.8977051,230.2420044,613.0124512,288.6687622
Match_40_TATA_IPL_2025_LSG_vs_DC,Delhi Capitals,,AllSeasons_jersey_chest_logo_blurry,AllSeasons,jersey,chest_logo,blurry,0.751689255,687.2216797,219.6714172,751.8748779,265.9896545
Match_40_TATA_IPL_2025_LSG_vs_DC,Delhi Capitals,,AllSeasons_jersey_chest_logo_blurry,AllSeasons,jersey,chest_logo,blurry,0.311018616,684.9818115,227.9228821,769.9710693,269.8326721
Match_40_TATA_IPL_2025_LSG_vs_DC,Delhi Capitals,,HeroFincorp_jersey_chest_logo_partially_visible,HeroFincorp,jersey,chest_logo,partially_visible,0.246367201,683.5020752,260.7559814,824.0592041,313.604126
Match_40_TATA_IPL_2025_LSG_vs_DC,Delhi Capitals,,HeroFincorp_jersey_chest_logo_partially_visible,HeroFincorp,jersey,chest_logo,partially_visible,0.166031584,683.7332764,266.6559448,826.3773193,326.9385376
Match_40_TATA_IPL_2025_LSG_vs_DC,Delhi Capitals,,Encalm_trousers_logo_partially_visible,Encalm,trousers,logo,partially_visible,0.103196226,671.9467773,479.5522766,719.4108887,532.0195313
Match_40_TATA_IPL_2025_LSG_vs_DC,Delhi Capitals,,BKT_jersey_back_logo_clear,BKT,jersey,back_logo,clear,0.186070517,522.4206543,472.6342163,656.4371338,565.3538208
Match_40_TATA_IPL_2025_LSG_vs_DC,Delhi Capitals,,Valvoline_jersey_sleeve_logo_blurry,Valvoline,jersey,sleeve_logo,blurry,0.288039565,774.7332764,389.0413818,857.6173096,458.9493408
Match_40_TATA_IPL_2025_LSG_vs_DC,Delhi Capitals,,Encalm_trousers_logo_partially_visible,Encalm,trousers,logo,partially_visible,0.183330476,515.5254517,437.2369995,593.5872192,492.7244263
Match_40_TATA_IPL_2025_LSG_vs_DC,Delhi Capitals,,Jio_jersey_shoulder_logo_clear,Jio,jersey,shoulder_logo,clear,0.14694564,445.888916,231.236145,490.6937256,271.5175171
Match_40_TATA_IPL_2025_LSG_vs_DC,Delhi Capitals,,motorola_trousers_logo_blurry,motorola,trousers,logo,blurry,0.119118325,760.1276855,407.8902283,829.9316406,467.6973572
Match_40_TATA_IPL_2025_LSG_vs_DC,Delhi Capitals,,RayzonSolar_trousers_logo_partially_visible,RayzonSolar,trousers,logo,partially_visible,0.104428701,745.3886108,412.4116211,829.781311,469.840271
Match_40_TATA_IPL_2025_LSG_vs_DC,Delhi Capitals,,motorola_trousers_logo_blurry,motorola,trousers,logo,blurry,0.532458603,453.036377,517.7181396,552.5841064,584.2025146
Match_40_TATA_IPL_2025_LSG_vs_DC,Delhi Capitals,,Jio_jersey_shoulder_logo_partially_visible,Jio,jersey,shoulder_logo,partially_visible,0.243426338,539.9104004,303.6311035,586.1933594,346.2177734
Match_40_TATA_IPL_2025_LSG_vs_DC,Delhi Capitals,,motorola_trousers_logo_blurry,motorola,trousers,logo,blurry,0.223974869,368.5272217,750.9688721,489.1756592,829.1605225
Match_40_TATA_IPL_2025_LSG_vs_DC,Delhi Capitals,,KentMineralRO_jersey_chest_logo_clear,KentMineralRO,jersey,chest_logo,clear,0.121518292,311.4993286,334.0182495,428.0707397,398.8963013
Match_40_TATA_IPL_2025_LSG_vs_DC,Delhi Capitals,,Valvoline_jersey_sleeve_logo_blurry,Valvoline,jersey,sleeve_logo,blurry,0.12066409,185.6509705,350.3377075,274.1816101,438.9630737
Match_40_TATA_IPL_2025_LSG_vs_DC,Delhi Capitals,,AllSeasons_jersey_sleeve_logo_blurry,AllSeasons,jersey,sleeve_logo,blurry,0.109083436,798.5731812,443.2929077,909.9154663,519.9458618
Match_40_TATA_IPL_2025_LSG_vs_DC,Delhi Capitals,,BKT_jersey_back_logo_partially_visible,BKT,jersey,back_logo,partially_visible,0.103759535,797.9207764,445.3469849,911.3251953,521.4030151
Match_40_TATA_IPL_2025_LSG_vs_DC,Delhi Capitals,,motorola_trousers_logo_blurry,motorola,trousers,logo,blurry,0.487374842,604.5982666,438.3292236,697.6268311,502.4997559
Match_40_TATA_IPL_2025_LSG_vs_DC,Delhi Capitals,,motorola_trousers_logo_blurry,motorola,trousers,logo,blurry,0.441141814,513.0921631,450.5177612,599.9598389,521.1986694
Match_40_TATA_IPL_2025_LSG_vs_DC,Delhi Capitals,,BKT_jersey_back_logo_partially_visible,BKT,jersey,back_logo,partially_visible,0.283849448,1022.063477,281.4902344,1084.23584,337.1798096
Match_40_TATA_IPL_2025_LSG_vs_DC,Delhi Capitals,,Encalm_trousers_logo_clear,Encalm,trousers,logo,clear,0.252898335,607.0921021,438.2653809,693.6176147,500.2409668
Match_40_TATA_IPL_2025_LSG_vs_DC,Delhi Capitals,,HeroFincorp_jersey_chest_logo_clear,HeroFincorp,jersey,chest_logo,clear,0.118394144,513.9412842,212.7194214,649.9475098,280.3806152
Match_40_TATA_IPL_2025_LSG_vs_DC,Delhi Capitals,,AllSeasons_jersey_chest_logo_blurry,AllSeasons,jersey,chest_logo,blurry,0.110972591,508.1929626,198.0926819,579.1756592,240.1289368
Match_40_TATA_IPL_2025_LSG_vs_DC,Delhi Capitals,,Jio_jersey_shoulder_logo_partially_visible,Jio,jersey,shoulder_logo,partially_visible,0.392196536,921.15979,434.3502197,1006.125244,533.3149414
Match_40_TATA_IPL_2025_LSG_vs_DC,Delhi Capitals,,Dream11_jersey_chest_logo_clear,Dream11,jersey,chest_logo,clear,0.239653677,610.6339111,418.8825378,846.8380127,627.4453125
Match_40_TATA_IPL_2025_LSG_vs_DC,Delhi Capitals,,Jio_jersey_shoulder_logo_clear,Jio,jersey,shoulder_logo,clear,0.116501272,922.4628906,435.0390625,1005.07605,528.6117554
Match_40_TATA_IPL_2025_LSG_vs_DC,Delhi Capitals,,RayzonSolar_trousers_logo_partially_visible,RayzonSolar,trousers,logo,partially_visible,0.750795722,561.0087891,373.5090332,642.5466309,440.8756104
Match_40_TATA_IPL_2025_LSG_vs_DC,Delhi Capitals,,RayzonSolar_trousers_logo_partially_visible,RayzonSolar,trousers,logo,partially_visible,0.138099402,559.1456299,379.0529175,659.144165,451.2080688
Match_40_TATA_IPL_2025_LSG_vs_DC,Delhi Capitals,,GMR_jersey_sleeve_logo_clear,GMR,jersey,sleeve_logo,clear,0.13012816,505.0093384,138.7750244,576.2234497,178.9072876
Match_40_TATA_IPL_2025_LSG_vs_DC,Delhi Capitals,,Acko_cap_logo_clear,Acko,cap,logo,clear,0.119779967,801.5432129,53.38735962,862.552124,130.4524536
Match_40_TATA_IPL_2025_LSG_vs_DC,Delhi Capitals,,BKT_jersey_back_logo_partially_visible,BKT,jersey,back_logo,partially_visible,0.102870129,866.8128662,176.573761,938.9842529,244.6891479
Match_40_TATA_IPL_2025_LSG_vs_DC,Delhi Capitals,,BKT_jersey_back_logo_clear,BKT,jersey,back_logo,clear,0.181017637,488.7822266,223.7760773,673.0716553,343.1172485
Match_40_TATA_IPL_2025_LSG_vs_DC,Delhi Capitals,,Jio_jersey_shoulder_logo_partially_visible,Jio,jersey,shoulder_logo,partially_visible,0.550183773,490.0512085,349.1174927,556.241272,436.4623413
Match_40_TATA_IPL_2025_LSG_vs_DC,Delhi Capitals,,HeroFincorp_jersey_chest_logo_clear,HeroFincorp,jersey,chest_logo,clear,0.328312159,689.9906616,296.4777832,799.7894897,364.1711426
Match_40_TATA_IPL_2025_LSG_vs_DC,Delhi Capitals,,motorola_trousers_logo_blurry,motorola,trousers,logo,blurry,0.25578618,730.027832,495.1212158,806.0334473,549.8184814
Match_40_TATA_IPL_2025_LSG_vs_DC,Delhi Capitals,,Encalm_trousers_logo_clear,Encalm,trousers,logo,clear,0.189219803,730.0820313,490.5818481,810.5018311,549.2470093
Match_40_TATA_IPL_2025_LSG_vs_DC,Delhi Capitals,,AllSeasons_jersey_chest_logo_blurry,AllSeasons,jersey,chest_logo,blurry,0.126329958,704.5971069,264.6817627,751.9700317,307.623291
Match_40_TATA_IPL_2025_LSG_vs_DC,Delhi Capitals,,Jio_jersey_shoulder_logo_blurry,Jio,jersey,shoulder_logo,blurry,0.112767354,747.2109985,282.3166504,804.9524536,321.7634277
Match_40_TATA_IPL_2025_LSG_vs_DC,Delhi Capitals,,Jio_jersey_shoulder_logo_partially_visible,Jio,jersey,shoulder_logo,partially_visible,0.470630646,544.2233887,188.8492126,607.0300293,243.0141296
Match_40_TATA_IPL_2025_LSG_vs_DC,Delhi Capitals,,Encalm_trousers_logo_clear,Encalm,trousers,logo,clear,0.279545099,864.727356,469.4348755,950.2461548,531.7230835
Match_40_TATA_IPL_2025_LSG_vs_DC,Delhi Capitals,,Encalm_trousers_logo_clear,Encalm,trousers,logo,clear,0.400110781,260.0946045,431.7119751,367.8685913,510.9512939
Match_40_TATA_IPL_2025_LSG_vs_DC,Delhi Capitals,,AstralPipes_jersey_shoulder_logo_partially_visible,AstralPipes,jersey,shoulder_logo,partially_visible,0.232365593,353.538269,210.6078949,447.5372925,293.9158936
Match_40_TATA_IPL_2025_LSG_vs_DC,Delhi Capitals,,motorola_trousers_logo_blurry,motorola,trousers,logo,blurry,0.172742948,367.4559326,457.432373,457.3933105,526.0979004
Match_40_TATA_IPL_2025_LSG_vs_DC,Delhi Capitals,,DPWorld_jersey_back_logo_clear,DPWorld,jersey,back_logo,clear,0.82275486,334.0073853,247.7085571,468.9354858,314.6187134
Match_40_TATA_IPL_2025_LSG_vs_DC,Delhi Capitals,,GMR_jersey_sleeve_logo_clear,GMR,jersey,sleeve_logo,clear,0.598802805,838.8864746,207.0856323,908.4960938,243.3762817
Match_40_TATA_IPL_2025_LSG_vs_DC,Delhi Capitals,,Jio_jersey_shoulder_logo_clear,Jio,jersey,shoulder_logo,clear,0.372461528,843.4648438,235.7134399,895.5319824,273.9700928
Match_40_TATA_IPL_2025_LSG_vs_DC,Delhi Capitals,,AllSeasons_jersey_chest_logo_blurry,AllSeasons,jersey,chest_logo,blurry,0.341846377,470.2749023,181.4676514,543.5899658,225.0847778
Match_40_TATA_IPL_2025_LSG_vs_DC,Delhi Capitals,,Jio_jersey_shoulder_logo_clear,Jio,jersey,shoulder_logo,clear,0.245186478,534.1824951,186.1555786,585.9716797,234.8934021
Match_40_TATA_IPL_2025_LSG_vs_DC,Delhi Capitals,,motorola_trousers_logo_blurry,motorola,trousers,logo,blurry,0.141668066,607.3290405,439.5324707,697.0789185,491.1900635
Match_40_TATA_IPL_2025_LSG_vs_DC,Delhi Capitals,,Jio_jersey_shoulder_logo_clear,Jio,jersey,shoulder_logo,clear,0.129797757,840.9680786,206.9274597,906.1908569,246.3701782
Match_40_TATA_IPL_2025_LSG_vs_DC,Delhi Capitals,,HeroFincorp_jersey_chest_logo_partially_visible,HeroFincorp,jersey,chest_logo,partially_visible,0.384532899,442.4581909,363.0283813,527.7459106,399.5699463
Match_40_TATA_IPL_2025_LSG_vs_DC,Delhi Capitals,,HeroFincorp_jersey_chest_logo_blurry,HeroFincorp,jersey,chest_logo,blurry,0.159820527,443.0413818,363.5253296,527.1696167,399.7333374
Match_40_TATA_IPL_2025_LSG_vs_DC,Delhi Capitals,,Jio_jersey_shoulder_logo_clear,Jio,jersey,shoulder_logo,clear,0.315266609,373.9616089,263.9561157,468.1991577,326.4337769
Match_40_TATA_IPL_2025_LSG_vs_DC,Delhi Capitals,,Jio_jersey_shoulder_logo_partially_visible,Jio,jersey,shoulder_logo,partially_visible,0.483040452,474.241272,481.0830994,531.5396118,551.354126
Match_40_TATA_IPL_2025_LSG_vs_DC,Delhi Capitals,,Dream11_jersey_chest_logo_clear,Dream11,jersey,chest_logo,clear,0.13941206,689.7385254,453.8533325,939.4118652,588.4811401
Match_40_TATA_IPL_2025_LSG_vs_DC,Delhi Capitals,,Dream11_jersey_chest_logo_clear,Dream11,jersey,chest_logo,clear,0.108426303,297.1047363,417.5794067,557.5383301,566.3544312
Match_40_TATA_IPL_2025_LSG_vs_DC,Delhi Capitals,,Dream11_jersey_chest_logo_clear,Dream11,jersey,chest_logo,clear,0.127264544,317.0316162,398.9847412,473.3585205,492.3085938
Match_40_TATA_IPL_2025_LSG_vs_DC,Delhi Capitals,,kshema_trousers_logo_clear,kshema,trousers,logo,clear,0.121025689,264.7305298,643.1312256,376.9525757,720.9598389
Match_40_TATA_IPL_2025_LSG_vs_DC,Delhi Capitals,,Jio_jersey_shoulder_logo_clear,Jio,jersey,shoulder_logo,clear,0.138524249,476.3154907,407.557312,555.100647,491.2272339
Match_40_TATA_IPL_2025_LSG_vs_DC,Delhi Capitals,,Jio_jersey_shoulder_logo_partially_visible,Jio,jersey,shoulder_logo,partially_visible,0.508833885,622.2971802,343.4177551,691.3706665,409.5143738
Match_40_TATA_IPL_2025_LSG_vs_DC,Delhi Capitals,,Puma_jersey_sleeve_logo_clear,Puma,jersey,sleeve_logo,clear,0.211634904,584.2526245,339.034729,658.1600952,404.6288452
Match_40_TATA_IPL_2025_LSG_vs_DC,Delhi Capitals,,motorola_trousers_logo_blurry,motorola,trousers,logo,blurry,0.139928535,608.8568115,511.9404297,688.4012451,564.824585
Match_40_TATA_IPL_2025_LSG_vs_DC,Delhi Capitals,,Jio_jersey_shoulder_logo_partially_visible,Jio,jersey,shoulder_logo,partially_visible,0.121905468,586.5786743,341.0737915,685.7019653,409.3308716
Match_40_TATA_IPL_2025_LSG_vs_DC,Delhi Capitals,,Puma_jersey_sleeve_logo_clear,Puma,jersey,sleeve_logo,clear,0.104603291,589.1854248,337.1364746,677.6099854,406.725647
Match_40_TATA_IPL_2025_LSG_vs_DC,Delhi Capitals,,BKT_jersey_back_logo_clear,BKT,jersey,back_logo,clear,0.607028186,917.6724854,263.6448669,1034.321411,336.8447571
Match_40_TATA_IPL_2025_LSG_vs_DC,Delhi Capitals,,Jio_jersey_shoulder_logo_partially_visible,Jio,jersey,shoulder_logo,partially_visible,0.6037516,583.0261841,329.2703552,632.538269,377.0717468
Match_40_TATA_IPL_2025_LSG_vs_DC,Delhi Capitals,,motorola_trousers_logo_blurry,motorola,trousers,logo,blurry,0.459223449,484.3947144,544.9084473,589.9856567,602.3312988
Match_40_TATA_IPL_2025_LSG_vs_DC,Delhi Capitals,,Jio_jersey_shoulder_logo_partially_visible,Jio,jersey,shoulder_logo,partially_visible,0.220059633,546.4893799,328.8827515,634.6801758,377.2671509
Match_40_TATA_IPL_2025_LSG_vs_DC,Delhi Capitals,,GMR_jersey_sleeve_logo_clear,GMR,jersey,sleeve_logo,clear,0.895546198,653.1397705,334.15802,733.3753662,377.2091675
Match_40_TATA_IPL_2025_LSG_vs_DC,Delhi Capitals,,AllSeasons_jersey_chest_logo_blurry,AllSeasons,jersey,chest_logo,blurry,0.600880444,706.4071655,228.4241333,766.1834106,275.0110474
Match_40_TATA_IPL_2025_LSG_vs_DC,Delhi Capitals,,HeroFincorp_jersey_chest_logo_clear,HeroFincorp,jersey,chest_logo,clear,0.348180503,707.2214355,271.3359985,826.1793213,328.5958862
Match_40_TATA_IPL_2025_LSG_vs_DC,Delhi Capitals,,Encalm_trousers_logo_partially_visible,Encalm,trousers,logo,partially_visible,0.33684361,757.807251,464.1488342,855.3271484,529.2615967
Match_40_TATA_IPL_2025_LSG_vs_DC,Delhi Capitals,,HeroFincorp_jersey_chest_logo_partially_visible,HeroFincorp,jersey,chest_logo,partially_visible,0.321009606,703.1247559,271.7114868,831.1911621,328.4292603
Match_40_TATA_IPL_2025_LSG_vs_DC,Delhi Capitals,,AllSeasons_jersey_chest_logo_blurry,AllSeasons,jersey,chest_logo,blurry,0.288048953,714.8869629,224.0706482,762.4460449,270.2380066
Match_40_TATA_IPL_2025_LSG_vs_DC,Delhi Capitals,,Jio_jersey_shoulder_logo_partially_visible,Jio,jersey,shoulder_logo,partially_visible,0.238581181,831.4857178,233.7042847,894.0213623,279.9796143
Match_40_TATA_IPL_2025_LSG_vs_DC,Delhi Capitals,,Encalm_trousers_logo_clear,Encalm,trousers,logo,clear,0.180776,761.3902588,463.4658508,850.9769287,527.6828613
Match_40_TATA_IPL_2025_LSG_vs_DC,Delhi Capitals,,GMR_jersey_sleeve_logo_partially_visible,GMR,jersey,sleeve_logo,partially_visible,0.157709762,831.0415039,232.491684,893.4451904,279.0552979
Match_40_TATA_IPL_2025_LSG_vs_DC,Delhi Capitals,,AllSeasons_jersey_chest_logo_blurry,AllSeasons,jersey,chest_logo,blurry,0.149424925,758.2868652,233.6743469,815.0549316,280.1125793
Match_40_TATA_IPL_2025_LSG_vs_DC,Delhi Capitals,,AllSeasons_jersey_chest_logo_blurry,AllSeasons,jersey,chest_logo,blurry,0.112595715,705.1496582,230.0536499,799.9890137,282.4832153
Match_40_TATA_IPL_2025_LSG_vs_DC,Delhi Capitals,,GMR_jersey_sleeve_logo_clear,GMR,jersey,sleeve_logo,clear,0.383874267,849.8705444,201.8124084,919.4370728,242.0869446
Match_40_TATA_IPL_2025_LSG_vs_DC,Delhi Capitals,,RayzonSolar_trousers_logo_partially_visible,RayzonSolar,trousers,logo,partially_visible,0.327391863,515.2587891,462.3041992,614.4453125,513.9243164
Match_40_TATA_IPL_2025_LSG_vs_DC,Delhi Capitals,,HeroFincorp_jersey_chest_logo_partially_visible,HeroFincorp,jersey,chest_logo,partially_visible,0.267587364,534.4619141,269.6542969,663.1243896,335.7175293
Match_40_TATA_IPL_2025_LSG_vs_DC,Delhi Capitals,,KentMineralRO_jersey_chest_logo_clear,KentMineralRO,jersey,chest_logo,clear,0.205521271,540.4074707,232.919281,629.4299316,280.0626526
Match_40_TATA_IPL_2025_LSG_vs_DC,Delhi Capitals,,RayzonSolar_trousers_logo_partially_visible,RayzonSolar,trousers,logo,partially_visible,0.172456667,519.1220703,458.3213501,646.4750977,514.3729858
Match_40_TATA_IPL_2025_LSG_vs_DC,Delhi Capitals,,HeroFincorp_jersey_chest_logo_clear,HeroFincorp,jersey,chest_logo,clear,0.1388641,529.8500366,270.5184326,661.9039917,336.6651001
Match_40_TATA_IPL_2025_LSG_vs_DC,Delhi Capitals,,Valvoline_jersey_sleeve_logo_blurry,Valvoline,jersey,sleeve_logo,blurry,0.1087384,857.3214722,217.8780518,927.8609009,275.0983276
Match_40_TATA_IPL_2025_LSG_vs_DC,Delhi Capitals,,DPWorld_helmet_logo_partially_visible,DPWorld,helmet,logo,partially_visible,0.440563709,471.4268188,608.2150879,587.4877319,700.0178223
Match_40_TATA_IPL_2025_LSG_vs_DC,Delhi Capitals,,BKT_jersey_back_logo_clear,BKT,jersey,back_logo,clear,0.114662029,844.4473877,417.2365723,970.0880127,513.3415527
Match_40_TATA_IPL_2025_LSG_vs_DC,Delhi Capitals,,EcoLink_cap_logo_clear,EcoLink,cap,logo,clear,0.237524986,750.4100342,195.1223145,816.4312744,232.3170166
Match_40_TATA_IPL_2025_LSG_vs_DC,Delhi Capitals,,BKT_jersey_back_logo_clear,BKT,jersey,back_logo,clear,0.17852205,750.3792725,193.2051697,817.8192139,232.543335
Match_40_TATA_IPL_2025_LSG_vs_DC,Delhi Capitals,,BKT_jersey_back_logo_clear,BKT,jersey,back_logo,clear,0.255067587,460.2516479,404.9168701,671.3440552,495.7193604
Match_40_TATA_IPL_2025_LSG_vs_DC,Delhi Capitals,,Jio_jersey_shoulder_logo_partially_visible,Jio,jersey,shoulder_logo,partially_visible,0.21594806,559.7678223,358.1432495,636.4707031,431.0632935
Match_40_TATA_IPL_2025_LSG_vs_DC,Delhi Capitals,,motorola_trousers_logo_partially_visible,motorola,trousers,logo,partially_visible,0.170836017,476.0419006,772.02771,576.9788818,832.5872803
Match_40_TATA_IPL_2025_LSG_vs_DC,Delhi Capitals,,Dream11_jersey_chest_logo_clear,Dream11,jersey,chest_logo,clear,0.139122933,452.3251953,411.5634766,653.6003418,509.4787598
Match_40_TATA_IPL_2025_LSG_vs_DC,Delhi Capitals,,GMR_jersey_sleeve_logo_clear,GMR,jersey,sleeve_logo,clear,0.108138725,477.1794128,767.5042725,576.3112793,830.7763672
Match_40_TATA_IPL_2025_LSG_vs_DC,Delhi Capitals,,GMR_jersey_sleeve_logo_clear,GMR,jersey,sleeve_logo,clear,0.412910372,367.2525024,370.4064941,466.3502808,429.6884766
Match_40_TATA_IPL_2025_LSG_vs_DC,Delhi Capitals,,AllSeasons_jersey_chest_logo_blurry,AllSeasons,jersey,chest_logo,blurry,0.2015232,267.3042603,345.1829529,338.7752075,410.3606262
Match_40_TATA_IPL_2025_LSG_vs_DC,Delhi Capitals,,Jio_jersey_shoulder_logo_partially_visible,Jio,jersey,shoulder_logo,partially_visible,0.191395134,986.6665039,322.0901489,1090.162354,394.1099243
Match_40_TATA_IPL_2025_LSG_vs_DC,Delhi Capitals,,AllSeasons_jersey_chest_logo_blurry,AllSeasons,jersey,chest_logo,blurry,0.141183555,262.1550903,344.5689087,343.7966919,429.1253052
Match_40_TATA_IPL_2025_LSG_vs_DC,Delhi Capitals,,KentMineralRO_jersey_chest_logo_partially_visible,KentMineralRO,jersey,chest_logo,partially_visible,0.362409085,393.3791504,338.5206299,539.8605957,411.8589478
Match_40_TATA_IPL_2025_LSG_vs_DC,Delhi Capitals,,KentMineralRO_jersey_chest_logo_clear,KentMineralRO,jersey,chest_logo,clear,0.167883739,392.3944092,344.5916748,528.7262573,412.2994385
Match_40_TATA_IPL_2025_LSG_vs_DC,Delhi Capitals,,motorola_trousers_logo_blurry,motorola,trousers,logo,blurry,0.116709135,621.1484375,382.6218567,735.7231445,455.8092957
Match_40_TATA_IPL_2025_LSG_vs_DC,Delhi Capitals,,Jio_jersey_shoulder_logo_partially_visible,Jio,jersey,shoulder_logo,partially_visible,0.113340355,860.3657227,367.5148315,962.7404785,441.755188
Match_40_TATA_IPL_2025_LSG_vs_DC,Delhi Capitals,,Jio_jersey_shoulder_logo_partially_visible,Jio,jersey,shoulder_logo,partially_visible,0.439317644,473.0020752,527.6813354,539.1369629,585.5831909
Match_40_TATA_IPL_2025_LSG_vs_DC,Delhi Capitals,,Jio_jersey_shoulder_logo_partially_visible,Jio,jersey,shoulder_logo,partially_visible,0.121179059,446.6819458,528.4470825,538.5999146,591.06427
Match_40_TATA_IPL_2025_LSG_vs_DC,Delhi Capitals,,Jio_jersey_shoulder_logo_partially_visible,Jio,jersey,shoulder_logo,partially_visible,0.193998635,811.8210449,395.8932495,894.5009766,477.4263916
Match_40_TATA_IPL_2025_LSG_vs_DC,Delhi Capitals,,Jio_jersey_shoulder_logo_clear,Jio,jersey,shoulder_logo,clear,0.103848785,812.7839355,393.7245483,895.2453613,472.9177856
Match_40_TATA_IPL_2025_LSG_vs_DC,Delhi Capitals,,BKT_jersey_back_logo_clear,BKT,jersey,back_logo,clear,0.140261009,762.7529907,276.2745972,887.3023071,364.8173218
Match_40_TATA_IPL_2025_LSG_vs_DC,Delhi Capitals,,Jio_jersey_shoulder_logo_partially_visible,Jio,jersey,shoulder_logo,partially_visible,0.126083449,585.9831543,279.5686035,653.112793,334.3113403
Match_40_TATA_IPL_2025_LSG_vs_DC,Delhi Capitals,,RayzonSolar_trousers_logo_partially_visible,RayzonSolar,trousers,logo,partially_visible,0.252378464,523.1858521,453.255188,615.4699097,519.2749634
Match_40_TATA_IPL_2025_LSG_vs_DC,Delhi Capitals,,Encalm_trousers_logo_clear,Encalm,trousers,logo,clear,0.175785422,405.2175903,422.8357544,512.7182617,501.8984985
Match_40_TATA_IPL_2025_LSG_vs_DC,Delhi Capitals,,DPWorld_jersey_back_logo_blurry,DPWorld,jersey,back_logo,blurry,0.150014728,442.0167847,310.8916016,550.4674683,369.0147705
Match_40_TATA_IPL_2025_LSG_vs_DC,Delhi Capitals,,Valvoline_jersey_sleeve_logo_blurry,Valvoline,jersey,sleeve_logo,blurry,0.101367623,299.9438477,394.7115479,392.4656982,479.8253784
Match_40_TATA_IPL_2025_LSG_vs_DC,Delhi Capitals,,kshema_trousers_logo_partially_visible,kshema,trousers,logo,partially_visible,0.299612075,823.2133179,389.2451782,864.2565308,421.2804565
Match_40_TATA_IPL_2025_LSG_vs_DC,Delhi Capitals,,kshema_trousers_logo_partially_visible,kshema,trousers,logo,partially_visible,0.230655491,821.8597412,386.9346313,874.7242432,424.8198242
Match_40_TATA_IPL_2025_LSG_vs_DC,Delhi Capitals,,HeroFincorp_jersey_chest_logo_blurry,HeroFincorp,jersey,chest_logo,blurry,0.227695495,685.5498047,303.3484497,770.6535645,345.2713623
Match_40_TATA_IPL_2025_LSG_vs_DC,Delhi Capitals,,HeroFincorp_jersey_chest_logo_partially_visible,HeroFincorp,jersey,chest_logo,partially_visible,0.181337103,683.838562,301.8762817,767.2836304,339.423584
Match_40_TATA_IPL_2025_LSG_vs_DC,Delhi Capitals,,DPWorld_jersey_back_logo_clear,DPWorld,jersey,back_logo,clear,0.160840198,684.6568604,298.4384155,768.7103271,337.9226685
Match_40_TATA_IPL_2025_LSG_vs_DC,Delhi Capitals,,RayzonSolar_trousers_logo_clear,RayzonSolar,trousers,logo,clear,0.137685359,515.5316162,504.5983887,595.3616943,555.817627
Match_40_TATA_IPL_2025_LSG_vs_DC,Delhi Capitals,,BKT_jersey_back_logo_partially_visible,BKT,jersey,back_logo,partially_visible,0.114347756,682.1298828,301.5284424,764.9353027,340.3093262
Match_40_TATA_IPL_2025_LSG_vs_DC,Delhi Capitals,,motorola_trousers_logo_clear,motorola,trousers,logo,clear,0.616498232,350.4385376,769.7324219,496.3388062,844.0388184
Match_40_TATA_IPL_2025_LSG_vs_DC,Delhi Capitals,,Puma_jersey_sleeve_logo_clear,Puma,jersey,sleeve_logo,clear,0.365150422,245.4629211,390.5432129,306.2793884,464.3267212
Match_40_TATA_IPL_2025_LSG_vs_DC,Delhi Capitals,,Puma_jersey_sleeve_logo_clear,Puma,jersey,sleeve_logo,clear,0.326230347,285.1546631,395.8071289,346.2932129,459.753479
Match_40_TATA_IPL_2025_LSG_vs_DC,Delhi Capitals,,BKT_jersey_back_logo_clear,BKT,jersey,back_logo,clear,0.287790686,128.65625,186.6484375,254.895813,265.4684143
Match_40_TATA_IPL_2025_LSG_vs_DC,Delhi Capitals,,GMR_jersey_sleeve_logo_clear,GMR,jersey,sleeve_logo,clear,0.143143475,692.2084961,179.5733032,763.772583,218.1182251
Match_40_TATA_IPL_2025_LSG_vs_DC,Delhi Capitals,,Jio_jersey_shoulder_logo_clear,Jio,jersey,shoulder_logo,clear,0.106396005,371.6754761,153.0201111,413.4661255,195.4067688
Match_40_TATA_IPL_2025_LSG_vs_DC,Delhi Capitals,,Jio_jersey_shoulder_logo_partially_visible,Jio,jersey,shoulder_logo,partially_visible,0.52060318,480.6658936,295.7514038,560.2244873,349.5825806
Match_40_TATA_IPL_2025_LSG_vs_DC,Delhi Capitals,,DPWorld_jersey_back_logo_clear,DPWorld,jersey,back_logo,clear,0.282848239,316.0454102,247.6027222,458.3255615,347.0519409
Match_40_TATA_IPL_2025_LSG_vs_DC,Delhi Capitals,,DPWorld_jersey_back_logo_blurry,DPWorld,jersey,back_logo,blurry,0.147855788,330.3719482,248.3664551,451.9737549,343.9283447
Match_40_TATA_IPL_2025_LSG_vs_DC,Delhi Capitals,,AllSeasons_jersey_chest_logo_blurry,AllSeasons,jersey,chest_logo,blurry,0.267836004,350.7702026,331.4110718,460.6151733,391.8795776
Match_40_TATA_IPL_2025_LSG_vs_DC,Delhi Capitals,,Valvoline_jersey_sleeve_logo_blurry,Valvoline,jersey,sleeve_logo,blurry,0.217802331,678.6848145,315.3550415,782.657959,373.4729614
Match_40_TATA_IPL_2025_LSG_vs_DC,Delhi Capitals,,motorola_trousers_logo_blurry,motorola,trousers,logo,blurry,0.145286515,357.8082886,710.7875977,500.7963257,797.1252441
Match_40_TATA_IPL_2025_LSG_vs_DC,Delhi Capitals,,motorola_trousers_logo_blurry,motorola,trousers,logo,blurry,0.139424294,521.6159668,649.0621338,661.534668,764.7196045
Match_40_TATA_IPL_2025_LSG_vs_DC,Delhi Capitals,,motorola_trousers_logo_partially_visible,motorola,trousers,logo,partially_visible,0.125689611,360.192627,706.0942993,499.8845215,790.9043579
Match_40_TATA_IPL_2025_LSG_vs_DC,Delhi Capitals,,HeroFincorp_jersey_chest_logo_partially_visible,HeroFincorp,jersey,chest_logo,partially_visible,0.298141629,837.4790039,332.2786865,950.2331543,389.4428711
Match_40_TATA_IPL_2025_LSG_vs_DC,Delhi Capitals,,HeroFincorp_jersey_chest_logo_clear,HeroFincorp,jersey,chest_logo,clear,0.180163711,840.788208,333.3384399,955.4393311,386.6032715
Match_40_TATA_IPL_2025_LSG_vs_DC,Delhi Capitals,,kshema_trousers_logo_blurry,kshema,trousers,logo,blurry,0.261580259,1097.118774,460.9897461,1152.155151,495.4453125
Match_40_TATA_IPL_2025_LSG_vs_DC,Delhi Capitals,,RayzonSolar_trousers_logo_clear,RayzonSolar,trousers,logo,clear,0.257690251,566.5015869,526.2680664,627.6976318,570.0429688
Match_40_TATA_IPL_2025_LSG_vs_DC,Delhi Capitals,,Jio_jersey_shoulder_logo_clear,Jio,jersey,shoulder_logo,clear,0.158703074,34.73606873,455.069519,84.70205688,500.1382446
Match_40_TATA_IPL_2025_LSG_vs_DC,Delhi Capitals,,Valvoline_jersey_sleeve_logo_clear,Valvoline,jersey,sleeve_logo,clear,0.107069299,826.9676514,36.08164597,977.6744385,136.6394501
Match_46_TATA_IPL_2025_DC_vs_RCB,Delhi Capitals,,motorola_trousers_logo_blurry,motorola,trousers,logo,blurry,0.869209766,478.0464172,543.1608887,575.9814453,601.8820801
Match_46_TATA_IPL_2025_DC_vs_RCB,Delhi Capitals,,Jio_jersey_shoulder_logo_blurry,Jio,jersey,shoulder_logo,blurry,0.151787981,576.5661621,343.0339355,622.6811523,387.2384033
Match_46_TATA_IPL_2025_DC_vs_RCB,Delhi Capitals,,AllSeasons_jersey_sleeve_logo_clear,AllSeasons,jersey,sleeve_logo,clear,0.181531146,829.0754395,368.9007263,977.5905762,450.7386169
Match_46_TATA_IPL_2025_DC_vs_RCB,Delhi Capitals,,BKT_jersey_back_logo_clear,BKT,jersey,back_logo,clear,0.118081152,821.2296143,435.7790527,962.5172119,537.3155518
Match_46_TATA_IPL_2025_DC_vs_RCB,Delhi Capitals,,Jio_jersey_shoulder_logo_partially_visible,Jio,jersey,shoulder_logo,partially_visible,0.809357762,869.2615967,358.6311035,944.0323486,436.8336792
Match_46_TATA_IPL_2025_DC_vs_RCB,Delhi Capitals,,Jio_jersey_shoulder_logo_clear,Jio,jersey,shoulder_logo,clear,0.129256472,868.8139648,356.839325,941.4035645,435.3700867
Match_46_TATA_IPL_2025_DC_vs_RCB,Delhi Capitals,,motorola_trousers_logo_blurry,motorola,trousers,logo,blurry,0.833520293,586.572998,429.0435791,700.4180908,500.4555054
Match_46_TATA_IPL_2025_DC_vs_RCB,Delhi Capitals,,Jio_jersey_shoulder_logo_partially_visible,Jio,jersey,shoulder_logo,partially_visible,0.417721421,580.1715088,254.2530518,636.9090576,309.180542
Match_46_TATA_IPL_2025_DC_vs_RCB,Delhi Capitals,,motorola_trousers_logo_blurry,motorola,trousers,logo,blurry,0.524538338,700.848877,685.8445435,832.3359375,760.4575806
Match_46_TATA_IPL_2025_DC_vs_RCB,Delhi Capitals,,AstralPipes_jersey_shoulder_logo_partially_visible,AstralPipes,jersey,shoulder_logo,partially_visible,0.108972639,279.8677979,339.3796387,368.7930908,403.237793
Match_46_TATA_IPL_2025_DC_vs_RCB,Delhi Capitals,,BKT_jersey_back_logo_clear,BKT,jersey,back_logo,clear,0.230923489,364.2213745,308.9777832,490.4755249,375.9454346
Match_46_TATA_IPL_2025_DC_vs_RCB,Delhi Capitals,,KentMineralRO_jersey_chest_logo_clear,KentMineralRO,jersey,chest_logo,clear,0.153700829,361.5391846,313.9066772,490.4397583,377.4087524
Match_46_TATA_IPL_2025_DC_vs_RCB,Delhi Capitals,,AllSeasons_jersey_chest_logo_blurry,AllSeasons,jersey,chest_logo,blurry,0.284615427,474.303772,230.2796478,562.4470825,271.414917
Match_46_TATA_IPL_2025_DC_vs_RCB,Delhi Capitals,,HeroFincorp_jersey_chest_logo_clear,HeroFincorp,jersey,chest_logo,clear,0.181011423,469.3169556,265.51297,629.9107056,324.6896057
Match_46_TATA_IPL_2025_DC_vs_RCB,Delhi Capitals,,motorola_trousers_logo_blurry,motorola,trousers,logo,blurry,0.162621707,514.0250854,410.9839478,565.6801147,456.6952515
Match_46_TATA_IPL_2025_DC_vs_RCB,Delhi Capitals,,Dream11_jersey_chest_logo_clear,Dream11,jersey,chest_logo,clear,0.130795226,475.2733765,268.9039001,632.2554321,329.2331238
Match_46_TATA_IPL_2025_DC_vs_RCB,Delhi Capitals,,BKT_jersey_back_logo_clear,BKT,jersey,back_logo,clear,0.332881778,486.9702148,218.7565918,663.6016846,319.3439331
Match_46_TATA_IPL_2025_DC_vs_RCB,Delhi Capitals,,motorola_trousers_logo_blurry,motorola,trousers,logo,blurry,0.178848863,580.541748,705.46875,705.4335938,766.6103516
Match_46_TATA_IPL_2025_DC_vs_RCB,Delhi Capitals,,AvonCycles_trousers_logo_clear,AvonCycles,trousers,logo,clear,0.124176905,208.2589111,726.1783447,372.7686768,824.9822998
Match_46_TATA_IPL_2025_DC_vs_RCB,Delhi Capitals,,KentMineralRO_jersey_chest_logo_partially_visible,KentMineralRO,jersey,chest_logo,partially_visible,0.123356238,428.4870605,263.4740601,563.7068481,342.4677124
Match_46_TATA_IPL_2025_DC_vs_RCB,Delhi Capitals,,motorola_trousers_logo_blurry,motorola,trousers,logo,blurry,0.518358767,765.1148682,674.1522217,891.84021,744.7689209
Match_46_TATA_IPL_2025_DC_vs_RCB,Delhi Capitals,,Dream11_jersey_chest_logo_clear,Dream11,jersey,chest_logo,clear,0.160427809,638.1335449,317.8255005,833.4907227,433.9801636
Match_46_TATA_IPL_2025_DC_vs_RCB,Delhi Capitals,,kshema_trousers_logo_obstructed,kshema,trousers,logo,obstructed,0.131970093,515.9464111,726.6611328,632.7484131,796.8251953
Match_46_TATA_IPL_2025_DC_vs_RCB,Delhi Capitals,,Dream11_jersey_chest_logo_clear,Dream11,jersey,chest_logo,clear,0.123045944,431.6741943,435.2590332,617.9406738,490.9639282
Match_46_TATA_IPL_2025_DC_vs_RCB,Delhi Capitals,,KentMineralRO_jersey_chest_logo_clear,KentMineralRO,jersey,chest_logo,clear,0.104253039,616.4830322,283.8123779,722.8758545,338.9119873
Match_46_TATA_IPL_2025_DC_vs_RCB,Delhi Capitals,,motorola_trousers_logo_blurry,motorola,trousers,logo,blurry,0.126669705,627.7229004,385.2615967,717.8503418,488.0756836
Match_46_TATA_IPL_2025_DC_vs_RCB,Delhi Capitals,,DPWorld_jersey_back_logo_clear,DPWorld,jersey,back_logo,clear,0.504080713,926.4875488,152.3665466,1021.937866,200.9156189
Match_46_TATA_IPL_2025_DC_vs_RCB,Delhi Capitals,,DPWorld_jersey_back_logo_clear,DPWorld,jersey,back_logo,clear,0.296722889,126.5572586,163.6004944,221.7608643,220.204834
Match_46_TATA_IPL_2025_DC_vs_RCB,Delhi Capitals,,BKT_jersey_back_logo_blurry,BKT,jersey,back_logo,blurry,0.105867654,924.6759033,153.3233643,1019.42749,200.7634583
Match_46_TATA_IPL_2025_DC_vs_RCB,Delhi Capitals,,Encalm_trousers_logo_partially_visible,Encalm,trousers,logo,partially_visible,0.23995775,402.660675,365.6952515,473.0758362,420.5014648
Match_46_TATA_IPL_2025_DC_vs_RCB,Delhi Capitals,,motorola_trousers_logo_partially_visible,motorola,trousers,logo,partially_visible,0.19854039,456.9558105,404.6082764,554.2426147,466.5587158
Match_46_TATA_IPL_2025_DC_vs_RCB,Delhi Capitals,,Jio_jersey_shoulder_logo_partially_visible,Jio,jersey,shoulder_logo,partially_visible,0.179549381,535.7702637,229.4776611,594.8076172,295.9777832
Match_46_TATA_IPL_2025_DC_vs_RCB,Delhi Capitals,,BKT_jersey_back_logo_clear,BKT,jersey,back_logo,clear,0.148419991,331.9437256,336.1001587,552.7285156,456.6068726
Match_46_TATA_IPL_2025_DC_vs_RCB,Delhi Capitals,,KentMineralRO_jersey_chest_logo_clear,KentMineralRO,jersey,chest_logo,clear,0.117524058,312.7390137,297.7032166,443.9553223,357.750946
Match_46_TATA_IPL_2025_DC_vs_RCB,Delhi Capitals,,KentMineralRO_jersey_chest_logo_partially_visible,KentMineralRO,jersey,chest_logo,partially_visible,0.100307003,314.3217773,289.0205078,445.1334839,355.5432129
Match_46_TATA_IPL_2025_DC_vs_RCB,Delhi Capitals,,motorola_trousers_logo_blurry,motorola,trousers,logo,blurry,0.806729257,634.8553467,412.5993042,759.1539307,503.046814
Match_46_TATA_IPL_2025_DC_vs_RCB,Delhi Capitals,,Encalm_trousers_logo_clear,Encalm,trousers,logo,clear,0.347039044,765.7243652,431.5308838,884.6567383,505.4075928
Match_46_TATA_IPL_2025_DC_vs_RCB,Delhi Capitals,,Encalm_trousers_logo_partially_visible,Encalm,trousers,logo,partially_visible,0.107932776,161.0907898,530.2193604,231.1904297,578.4293213
Match_46_TATA_IPL_2025_DC_vs_RCB,Delhi Capitals,,Dream11_jersey_chest_logo_clear,Dream11,jersey,chest_logo,clear,0.197377533,732.0675659,382.2036133,906.3623657,491.2402344
Match_46_TATA_IPL_2025_DC_vs_RCB,Delhi Capitals,,kshema_trousers_logo_clear,kshema,trousers,logo,clear,0.18156147,786.9593506,712.9650879,946.3023682,831.5166016
Match_46_TATA_IPL_2025_DC_vs_RCB,Delhi Capitals,,AvonCycles_trousers_logo_clear,AvonCycles,trousers,logo,clear,0.105923988,786.2327271,713.5407715,946.3231812,831.5612793
Match_46_TATA_IPL_2025_DC_vs_RCB,Delhi Capitals,,Jio_jersey_shoulder_logo_blurry,Jio,jersey,shoulder_logo,blurry,0.388149768,782.7115479,258.5774536,838.5152588,322.8644409
Match_46_TATA_IPL_2025_DC_vs_RCB,Delhi Capitals,,motorola_trousers_logo_blurry,motorola,trousers,logo,blurry,0.349563956,162.7349548,452.680481,252.9425049,511.7365112
Match_46_TATA_IPL_2025_DC_vs_RCB,Delhi Capitals,,Encalm_trousers_logo_partially_visible,Encalm,trousers,logo,partially_visible,0.155673206,163.678894,453.3873901,255.0994568,511.0241699
Match_46_TATA_IPL_2025_DC_vs_RCB,Delhi Capitals,,Jio_jersey_shoulder_logo_partially_visible,Jio,jersey,shoulder_logo,partially_visible,0.143481627,209.1078796,366.5778198,258.1993103,421.9884644
Match_46_TATA_IPL_2025_DC_vs_RCB,Delhi Capitals,,Dream11_jersey_chest_logo_obstructed,Dream11,jersey,chest_logo,obstructed,0.139970556,264.0526733,377.5322266,406.5654907,445.6647339
Match_46_TATA_IPL_2025_DC_vs_RCB,Delhi Capitals,,AllSeasons_jersey_chest_logo_blurry,AllSeasons,jersey,chest_logo,blurry,0.123832449,268.9684448,358.4884644,335.8910522,401.0751343
Match_46_TATA_IPL_2025_DC_vs_RCB,Delhi Capitals,,GMR_jersey_sleeve_logo_partially_visible,GMR,jersey,sleeve_logo,partially_visible,0.503942132,674.9044189,195.7236023,752.1873779,240.7740784
Match_46_TATA_IPL_2025_DC_vs_RCB,Delhi Capitals,,Encalm_trousers_logo_partially_visible,Encalm,trousers,logo,partially_visible,0.4538185,578.9830322,397.2541504,663.6914063,470.5412598
Match_46_TATA_IPL_2025_DC_vs_RCB,Delhi Capitals,,EcoLink_cap_logo_partially_visible,EcoLink,cap,logo,partially_visible,0.351619303,313.6795959,284.109436,369.388092,331.5098267
Match_46_TATA_IPL_2025_DC_vs_RCB,Delhi Capitals,,Freemans_cap_logo_blurry,Freemans,cap,logo,blurry,0.210961983,252.4689941,423.5182495,369.3764038,509.1763306
Match_46_TATA_IPL_2025_DC_vs_RCB,Delhi Capitals,,HeroFincorp_jersey_chest_logo_clear,HeroFincorp,jersey,chest_logo,clear,0.168943167,536.6950684,365.2593384,701.3696289,451.3598633
Match_46_TATA_IPL_2025_DC_vs_RCB,Delhi Capitals,,Freemans_cap_logo_partially_visible,Freemans,cap,logo,partially_visible,0.146139711,309.9328003,283.9155273,373.6514282,335.0908203
Match_46_TATA_IPL_2025_DC_vs_RCB,Delhi Capitals,,motorola_trousers_logo_blurry,motorola,trousers,logo,blurry,0.811719179,811.8398438,443.5195313,906.6452637,506.9266968
Match_46_TATA_IPL_2025_DC_vs_RCB,Delhi Capitals,,HeroFincorp_jersey_chest_logo_clear,HeroFincorp,jersey,chest_logo,clear,0.700111508,702.0488281,211.7267456,831.5273438,276.4667969
Match_46_TATA_IPL_2025_DC_vs_RCB,Delhi Capitals,,Encalm_trousers_logo_clear,Encalm,trousers,logo,clear,0.138375342,707.7316895,459.4173279,814.6882324,526.5604248
Match_46_TATA_IPL_2025_DC_vs_RCB,Delhi Capitals,,AllSeasons_jersey_chest_logo_blurry,AllSeasons,jersey,chest_logo,blurry,0.301242977,655.7584229,232.1478882,729.8231201,270.7268677
Match_46_TATA_IPL_2025_DC_vs_RCB,Delhi Capitals,,motorola_trousers_logo_blurry,motorola,trousers,logo,blurry,0.252921224,738.5023193,482.6298218,818.5357666,535.4264526
Match_46_TATA_IPL_2025_DC_vs_RCB,Delhi Capitals,,Encalm_trousers_logo_clear,Encalm,trousers,logo,clear,0.174853161,638.289978,482.3633728,749.0331421,542.6004639
Match_46_TATA_IPL_2025_DC_vs_RCB,Delhi Capitals,,HeroFincorp_jersey_chest_logo_clear,HeroFincorp,jersey,chest_logo,clear,0.120080739,204.1518555,244.3640137,334.3126221,326.5015869
Match_46_TATA_IPL_2025_DC_vs_RCB,Delhi Capitals,,EcoLink_cap_logo_partially_visible,EcoLink,cap,logo,partially_visible,0.112610854,263.4936523,462.3492432,382.2862549,535.1893311
Match_46_TATA_IPL_2025_DC_vs_RCB,Delhi Capitals,,motorola_trousers_logo_blurry,motorola,trousers,logo,blurry,0.109784231,656.3208008,236.828949,726.8946533,271.7023621
Match_48_TATA_IPL_2025_DC_vs_KKR,Delhi Capitals,,HeroFincorp_jersey_chest_logo_clear,HeroFincorp,jersey,chest_logo,clear,0.670368493,609.4886475,168.4093475,721.8150635,224.9551849
Match_48_TATA_IPL_2025_DC_vs_KKR,Delhi Capitals,,motorola_trousers_logo_blurry,motorola,trousers,logo,blurry,0.226988897,624.4957886,386.7598877,709.6098022,438.802002
Match_48_TATA_IPL_2025_DC_vs_KKR,Delhi Capitals,,motorola_trousers_logo_blurry,motorola,trousers,logo,blurry,0.22409755,581.6655273,384.9299927,714.7241211,440.5102539
Match_48_TATA_IPL_2025_DC_vs_KKR,Delhi Capitals,,Encalm_trousers_logo_partially_visible,Encalm,trousers,logo,partially_visible,0.176900193,578.3358765,383.7736816,638.1017456,436.8735352
Match_48_TATA_IPL_2025_DC_vs_KKR,Delhi Capitals,,motorola_trousers_logo_blurry,motorola,trousers,logo,blurry,0.163333848,580.6777344,384.1815796,637.0852051,436.0776978
Match_48_TATA_IPL_2025_DC_vs_KKR,Delhi Capitals,,Encalm_trousers_logo_clear,Encalm,trousers,logo,clear,0.13662222,626.6848755,385.3743286,708.1404419,437.5900269
Match_48_TATA_IPL_2025_DC_vs_KKR,Delhi Capitals,,AllSeasons_jersey_chest_logo_blurry,AllSeasons,jersey,chest_logo,blurry,0.115884289,668.0067139,134.2454681,707.3028564,174.1045685
Match_48_TATA_IPL_2025_DC_vs_KKR,Delhi Capitals,,AllSeasons_jersey_chest_logo_blurry,AllSeasons,jersey,chest_logo,blurry,0.109268382,612.9465332,131.8941956,666.4641113,173.2701111
Match_48_TATA_IPL_2025_DC_vs_KKR,Delhi Capitals,,Dazzler_foreground_banner_clear,Dazzler,foreground,banner,clear,0.152472168,497.3426819,25.48486328,909.8865967,314.8369751
Match_48_TATA_IPL_2025_DC_vs_KKR,Delhi Capitals,,Jio_jersey_shoulder_logo_clear,Jio,jersey,shoulder_logo,clear,0.129196271,318.5954285,668.3649902,389.148468,726.6569824
Match_48_TATA_IPL_2025_DC_vs_KKR,Delhi Capitals,,RayzonSolar_trousers_logo_partially_visible,RayzonSolar,trousers,logo,partially_visible,0.144213095,252.5354919,504.6113281,349.5943298,570.3818359
Match_48_TATA_IPL_2025_DC_vs_KKR,Delhi Capitals,,Dream11_jersey_chest_logo_clear,Dream11,jersey,chest_logo,clear,0.142088026,292.3688965,298.8530579,424.6891479,353.2804871
Match_48_TATA_IPL_2025_DC_vs_KKR,Delhi Capitals,,Valvoline_jersey_sleeve_logo_blurry,Valvoline,jersey,sleeve_logo,blurry,0.17670849,489.4212646,253.9829102,548.041748,298.5133057
Match_48_TATA_IPL_2025_DC_vs_KKR,Delhi Capitals,,GMR_jersey_sleeve_logo_clear,GMR,jersey,sleeve_logo,clear,0.122897215,957.0288086,223.7958679,1005.936279,268.5973816
Match_48_TATA_IPL_2025_DC_vs_KKR,Delhi Capitals,,AllSeasons_jersey_chest_logo_blurry,AllSeasons,jersey,chest_logo,blurry,0.103774793,955.833252,225.9154968,1005.483154,268.9977722
Match_48_TATA_IPL_2025_DC_vs_KKR,Delhi Capitals,,Jio_jersey_shoulder_logo_partially_visible,Jio,jersey,shoulder_logo,partially_visible,0.538699567,368.0279541,307.0296326,417.7285767,360.2533875
Match_48_TATA_IPL_2025_DC_vs_KKR,Delhi Capitals,,motorola_trousers_logo_partially_visible,motorola,trousers,logo,partially_visible,0.508809149,346.0527954,539.6849365,437.2296753,588.9422607
Match_48_TATA_IPL_2025_DC_vs_KKR,Delhi Capitals,,Puma_jersey_sleeve_logo_clear,Puma,jersey,sleeve_logo,clear,0.459697813,368.4225159,309.1825562,415.8591003,358.9715576
Match_48_TATA_IPL_2025_DC_vs_KKR,Delhi Capitals,,Puma_jersey_sleeve_logo_clear,Puma,jersey,sleeve_logo,clear,0.366169512,326.760376,287.1190796,384.2022705,351.7681885
Match_48_TATA_IPL_2025_DC_vs_KKR,Delhi Capitals,,Encalm_trousers_logo_partially_visible,Encalm,trousers,logo,partially_visible,0.177301437,445.9755249,473.8328247,519.9430542,530.6353149
Match_48_TATA_IPL_2025_DC_vs_KKR,Delhi Capitals,,motorola_trousers_logo_blurry,motorola,trousers,logo,blurry,0.176852718,348.5169983,542.1693726,436.0932922,592.2522583
Match_48_TATA_IPL_2025_DC_vs_KKR,Delhi Capitals,,Jio_jersey_shoulder_logo_clear,Jio,jersey,shoulder_logo,clear,0.109651119,368.9275513,307.0044556,421.4210205,357.8768921
Match_48_TATA_IPL_2025_DC_vs_KKR,Delhi Capitals,,EcoLink_cap_logo_partially_visible,EcoLink,cap,logo,partially_visible,0.731425405,893.7098389,215.9845276,979.6568604,252.320282
Match_48_TATA_IPL_2025_DC_vs_KKR,Delhi Capitals,,Jio_jersey_shoulder_logo_partially_visible,Jio,jersey,shoulder_logo,partially_visible,0.320870757,200.5039368,438.4250488,267.1121826,505.3093262
Match_48_TATA_IPL_2025_DC_vs_KKR,Delhi Capitals,,motorola_trousers_logo_partially_visible,motorola,trousers,logo,partially_visible,0.218522444,278.3314209,725.6855469,376.5866699,787.6695557
Match_48_TATA_IPL_2025_DC_vs_KKR,Delhi Capitals,,KentMineralRO_jersey_chest_logo_clear,KentMineralRO,jersey,chest_logo,clear,0.198738649,291.9748535,352.2714844,370.0869141,435.4661865
Match_48_TATA_IPL_2025_DC_vs_KKR,Delhi Capitals,,BKT_jersey_back_logo_clear,BKT,jersey,back_logo,clear,0.103894241,887.7149658,345.6031494,1029.097046,442.4770508
Match_48_TATA_IPL_2025_DC_vs_KKR,Delhi Capitals,,motorola_trousers_logo_blurry,motorola,trousers,logo,blurry,0.44044131,445.6983032,556.1151123,540.4609985,609.2891846
Match_48_TATA_IPL_2025_DC_vs_KKR,Delhi Capitals,,HeroFincorp_jersey_chest_logo_blurry,HeroFincorp,jersey,chest_logo,blurry,0.296323627,971.6140747,430.2155151,1100.545654,480.0845337
Match_48_TATA_IPL_2025_DC_vs_KKR,Delhi Capitals,,Puma_jersey_sleeve_logo_clear,Puma,jersey,sleeve_logo,clear,0.282030672,444.5633545,279.9434509,496.9973145,330.3368835
Match_48_TATA_IPL_2025_DC_vs_KKR,Delhi Capitals,,kshema_trousers_logo_partially_visible,kshema,trousers,logo,partially_visible,0.184453845,969.6143799,573.7296143,1029.283081,618.5479736
Match_48_TATA_IPL_2025_DC_vs_KKR,Delhi Capitals,,Jio_jersey_shoulder_logo_partially_visible,Jio,jersey,shoulder_logo,partially_visible,0.161929786,489.3918762,285.1812744,535.0695801,328.3771973
Match_48_TATA_IPL_2025_DC_vs_KKR,Delhi Capitals,,Jio_jersey_shoulder_logo_partially_visible,Jio,jersey,shoulder_logo,partially_visible,0.183011994,580.9807129,304.6170654,635.4267578,382.0422363
Match_48_TATA_IPL_2025_DC_vs_KKR,Delhi Capitals,,motorola_trousers_logo_blurry,motorola,trousers,logo,blurry,0.713755786,688.9962158,441.293457,781.6915283,497.4663696
Match_48_TATA_IPL_2025_DC_vs_KKR,Delhi Capitals,,GMR_jersey_sleeve_logo_clear,GMR,jersey,sleeve_logo,clear,0.371152461,818.1308594,209.8830261,884.927002,251.6801453
Match_48_TATA_IPL_2025_DC_vs_KKR,Delhi Capitals,,Encalm_trousers_logo_clear,Encalm,trousers,logo,clear,0.296186656,573.7771606,439.4446411,685.8847046,504.6663818
Match_48_TATA_IPL_2025_DC_vs_KKR,Delhi Capitals,,Freemans_cap_logo_partially_visible,Freemans,cap,logo,partially_visible,0.182052732,813.2891846,92.75930023,888.2661133,146.3389587
Match_48_TATA_IPL_2025_DC_vs_KKR,Delhi Capitals,,Puma_jersey_sleeve_logo_clear,Puma,jersey,sleeve_logo,clear,0.124385945,403.5347595,242.6593628,458.4697571,278.7337646
Match_48_TATA_IPL_2025_DC_vs_KKR,Delhi Capitals,,Jio_jersey_shoulder_logo_partially_visible,Jio,jersey,shoulder_logo,partially_visible,0.122258723,417.9686279,271.2752686,472.3857422,324.8161621
Match_48_TATA_IPL_2025_DC_vs_KKR,Delhi Capitals,,BKT_jersey_back_logo_clear,BKT,jersey,back_logo,clear,0.119302683,307.0633545,223.8856049,391.0487061,289.3521729
Match_48_TATA_IPL_2025_DC_vs_KKR,Delhi Capitals,,AllSeasons_jersey_chest_logo_blurry,AllSeasons,jersey,chest_logo,blurry,0.101416893,579.9593506,188.8137512,666.5938721,234.5542603
Match_48_TATA_IPL_2025_DC_vs_KKR,Delhi Capitals,,Encalm_trousers_logo_clear,Encalm,trousers,logo,clear,0.425764233,501.5076294,470.3029785,589.4281616,536.5432129
Match_48_TATA_IPL_2025_DC_vs_KKR,Delhi Capitals,,BKT_jersey_back_logo_clear,BKT,jersey,back_logo,clear,0.272789508,435.2682495,286.182251,585.147583,346.3204346
Match_48_TATA_IPL_2025_DC_vs_KKR,Delhi Capitals,,Encalm_trousers_logo_partially_visible,Encalm,trousers,logo,partially_visible,0.229693964,499.8111572,475.383728,593.0180664,538.5003052
Match_48_TATA_IPL_2025_DC_vs_KKR,Delhi Capitals,,HeroFincorp_jersey_chest_logo_clear,HeroFincorp,jersey,chest_logo,clear,0.20732519,435.0315552,287.4190979,582.586792,346.4436951
Match_48_TATA_IPL_2025_DC_vs_KKR,Delhi Capitals,,HeroFincorp_jersey_chest_logo_partially_visible,HeroFincorp,jersey,chest_logo,partially_visible,0.121205367,439.631897,290.9834595,582.3673706,345.8970337
Match_48_TATA_IPL_2025_DC_vs_KKR,Delhi Capitals,,KentMineralRO_jersey_chest_logo_clear,KentMineralRO,jersey,chest_logo,clear,0.11147856,432.736084,251.6834717,523.4725342,291.8295288
Match_48_TATA_IPL_2025_DC_vs_KKR,Delhi Capitals,,motorola_trousers_logo_blurry,motorola,trousers,logo,blurry,0.104860738,499.1364441,475.588562,591.0720215,540.4137573
Match_48_TATA_IPL_2025_DC_vs_KKR,Delhi Capitals,,AllSeasons_jersey_chest_logo_blurry,AllSeasons,jersey,chest_logo,blurry,0.104042508,430.9257813,248.8764648,526.2670898,291.3242188
Match_48_TATA_IPL_2025_DC_vs_KKR,Delhi Capitals,,HeroFincorp_jersey_chest_logo_obstructed,HeroFincorp,jersey,chest_logo,obstructed,0.243557915,663.8270264,484.7415161,909.855835,732.9060669
Match_48_TATA_IPL_2025_DC_vs_KKR,Delhi Capitals,,RayzonSolar_trousers_logo_partially_visible,RayzonSolar,trousers,logo,partially_visible,0.36988458,655.6489258,511.7179565,730.1320801,585.2180786
Match_48_TATA_IPL_2025_DC_vs_KKR,Delhi Capitals,,AllSeasons_jersey_chest_logo_blurry,AllSeasons,jersey,chest_logo,blurry,0.261711985,384.5848999,184.855423,440.4002075,232.1182709
Match_48_TATA_IPL_2025_DC_vs_KKR,Delhi Capitals,,Jio_jersey_shoulder_logo_clear,Jio,jersey,shoulder_logo,clear,0.105668753,310.8649292,178.2581177,378.4562378,219.8018799
Match_48_TATA_IPL_2025_DC_vs_KKR,Delhi Capitals,,Encalm_trousers_logo_clear,Encalm,trousers,logo,clear,0.318097174,643.3074951,487.1800537,760.2987061,557.2091064
Match_48_TATA_IPL_2025_DC_vs_KKR,Delhi Capitals,,motorola_trousers_logo_blurry,motorola,trousers,logo,blurry,0.191246971,556.7550049,468.4476318,645.3336182,528.3433838
Match_48_TATA_IPL_2025_DC_vs_KKR,Delhi Capitals,,Jio_jersey_shoulder_logo_clear,Jio,jersey,shoulder_logo,clear,0.516535461,462.8896484,303.7553101,533.7657471,379.3867798
Match_48_TATA_IPL_2025_DC_vs_KKR,Delhi Capitals,,Jio_jersey_shoulder_logo_clear,Jio,jersey,shoulder_logo,clear,0.284843028,893.7644043,353.7052002,980.2518311,435.1782227
Match_48_TATA_IPL_2025_DC_vs_KKR,Delhi Capitals,,Jio_jersey_shoulder_logo_partially_visible,Jio,jersey,shoulder_logo,partially_visible,0.200509533,896.3240967,357.171936,980.3525391,435.5767212
Match_48_TATA_IPL_2025_DC_vs_KKR,Delhi Capitals,,Puma_jersey_sleeve_logo_clear,Puma,jersey,sleeve_logo,clear,0.11377994,454.7738647,246.7550049,528.7059326,308.9923096
Match_48_TATA_IPL_2025_DC_vs_KKR,Delhi Capitals,,Jio_jersey_shoulder_logo_partially_visible,Jio,jersey,shoulder_logo,partially_visible,0.107684836,331.6108704,180.1234741,412.2958679,303.4956055
Match_48_TATA_IPL_2025_DC_vs_KKR,Delhi Capitals,,motorola_trousers_logo_blurry,motorola,trousers,logo,blurry,0.737055182,643.4273682,506.5219727,737.8973389,563.1149902
Match_48_TATA_IPL_2025_DC_vs_KKR,Delhi Capitals,,Puma_jersey_sleeve_logo_clear,Puma,jersey,sleeve_logo,clear,0.15726383,585.3133545,262.3588257,642.0407715,313.3048706
Match_48_TATA_IPL_2025_DC_vs_KKR,Delhi Capitals,,Jio_jersey_shoulder_logo_partially_visible,Jio,jersey,shoulder_logo,partially_visible,0.14014329,588.9736328,262.6508179,641.9401855,313.7382202
Match_48_TATA_IPL_2025_DC_vs_KKR,Delhi Capitals,,Puma_jersey_sleeve_logo_clear,Puma,jersey,sleeve_logo,clear,0.139422581,567.8276978,263.2683105,637.0928345,324.3580322
Match_48_TATA_IPL_2025_DC_vs_KKR,Delhi Capitals,,HeroFincorp_jersey_chest_logo_clear,HeroFincorp,jersey,chest_logo,clear,0.79403162,475.1087036,194.4806213,607.124939,260.8835144
Match_48_TATA_IPL_2025_DC_vs_KKR,Delhi Capitals,,Encalm_trousers_logo_partially_visible,Encalm,trousers,logo,partially_visible,0.233365953,594.317749,424.0838013,657.2845459,487.5160522
Match_48_TATA_IPL_2025_DC_vs_KKR,Delhi Capitals,,Dream11_jersey_chest_logo_clear,Dream11,jersey,chest_logo,clear,0.301885366,649.3723145,312.4398804,902.6411133,426.4301147
Match_48_TATA_IPL_2025_DC_vs_KKR,Delhi Capitals,,AvonCycles_trousers_logo_clear,AvonCycles,trousers,logo,clear,0.245617911,222.3527374,742.1657715,345.7249146,839.0671387
Match_48_TATA_IPL_2025_DC_vs_KKR,Delhi Capitals,,LivPure_trousers_logo_partially_visible,LivPure,trousers,logo,partially_visible,0.123308294,654.1782837,275.3605957,755.5444946,341.7127686
Match_48_TATA_IPL_2025_DC_vs_KKR,Delhi Capitals,,motorola_trousers_logo_blurry,motorola,trousers,logo,blurry,0.102627553,795.7244263,702.3022461,937.5651245,787.130127
Match_48_TATA_IPL_2025_DC_vs_KKR,Delhi Capitals,,Jio_jersey_shoulder_logo_clear,Jio,jersey,shoulder_logo,clear,0.100132681,926.2924194,292.1972656,1002.536804,371.5899658
Match_48_TATA_IPL_2025_DC_vs_KKR,Delhi Capitals,,RayzonSolar_trousers_logo_partially_visible,RayzonSolar,trousers,logo,partially_visible,0.402749717,650.9935913,422.1748047,740.2432251,479.9803467
Match_48_TATA_IPL_2025_DC_vs_KKR,Delhi Capitals,,Jio_jersey_shoulder_logo_partially_visible,Jio,jersey,shoulder_logo,partially_visible,0.250053734,695.7468262,140.1990356,736.9440918,188.9937744
Match_48_TATA_IPL_2025_DC_vs_KKR,Delhi Capitals,,HeroFincorp_jersey_chest_logo_clear,HeroFincorp,jersey,chest_logo,clear,0.169864491,110.7367706,333.5541077,199.8699493,381.9381409
Match_48_TATA_IPL_2025_DC_vs_KKR,Delhi Capitals,,Encalm_trousers_logo_partially_visible,Encalm,trousers,logo,partially_visible,0.145269826,652.0362549,418.036438,743.1119385,475.6195068
Match_48_TATA_IPL_2025_DC_vs_KKR,Delhi Capitals,,HeroFincorp_jersey_chest_logo_partially_visible,HeroFincorp,jersey,chest_logo,partially_visible,0.130746782,108.4296112,336.0722656,204.0590668,384.8448486
Match_48_TATA_IPL_2025_DC_vs_KKR,Delhi Capitals,,Jio_jersey_shoulder_logo_partially_visible,Jio,jersey,shoulder_logo,partially_visible,0.101973593,694.3479614,139.6282654,760.9235229,199.7338867
Match_48_TATA_IPL_2025_DC_vs_KKR,Delhi Capitals,,Jio_jersey_shoulder_logo_partially_visible,Jio,jersey,shoulder_logo,partially_visible,0.476314187,1096.434814,304.0761719,1170.388916,372.3961182
Match_48_TATA_IPL_2025_DC_vs_KKR,Delhi Capitals,,Dream11_jersey_chest_logo_clear,Dream11,jersey,chest_logo,clear,0.337881863,118.6862793,419.9932861,387.7880249,532.6893921
Match_48_TATA_IPL_2025_DC_vs_KKR,Delhi Capitals,,Jio_jersey_shoulder_logo_clear,Jio,jersey,shoulder_logo,clear,0.234956637,1096.879883,301.3678894,1170.640625,372.3693542
Match_48_TATA_IPL_2025_DC_vs_KKR,Delhi Capitals,,motorola_trousers_logo_partially_visible,motorola,trousers,logo,partially_visible,0.199143067,1001.918091,688.1690674,1102.790649,758.0042725
Match_48_TATA_IPL_2025_DC_vs_KKR,Delhi Capitals,,AvonCycles_trousers_logo_clear,AvonCycles,trousers,logo,clear,0.116424829,120.6380005,718.7028198,223.4668579,806.187439
Match_48_TATA_IPL_2025_DC_vs_KKR,Delhi Capitals,,motorola_trousers_logo_clear,motorola,trousers,logo,clear,0.526532769,608.1412354,734.2930298,752.7984619,832.9314575
Match_48_TATA_IPL_2025_DC_vs_KKR,Delhi Capitals,,Jio_jersey_shoulder_logo_partially_visible,Jio,jersey,shoulder_logo,partially_visible,0.222490892,719.1765747,360.4695435,794.2952271,437.9620972
Match_48_TATA_IPL_2025_DC_vs_KKR,Delhi Capitals,,Jio_jersey_shoulder_logo_clear,Jio,jersey,shoulder_logo,clear,0.136071727,719.0753174,360.2526245,794.6468506,436.6273804
Match_48_TATA_IPL_2025_DC_vs_KKR,Delhi Capitals,,motorola_trousers_logo_blurry,motorola,trousers,logo,blurry,0.290123761,222.9281616,421.7808838,320.1272583,498.1918945
Match_48_TATA_IPL_2025_DC_vs_KKR,Delhi Capitals,,Jio_jersey_shoulder_logo_partially_visible,Jio,jersey,shoulder_logo,partially_visible,0.27762273,692.1000366,222.0644226,744.3314819,272.5971375
Match_48_TATA_IPL_2025_DC_vs_KKR,Delhi Capitals,,motorola_trousers_logo_blurry,motorola,trousers,logo,blurry,0.255072296,648.3519287,451.3369141,738.3319092,516.8947144
Match_48_TATA_IPL_2025_DC_vs_KKR,Delhi Capitals,,HeroFincorp_jersey_chest_logo_clear,HeroFincorp,jersey,chest_logo,clear,0.626149416,684.272583,328.8969116,811.4381104,380.6547241
Match_48_TATA_IPL_2025_DC_vs_KKR,Delhi Capitals,,motorola_trousers_logo_blurry,motorola,trousers,logo,blurry,0.193051681,756.4672241,538.8426514,838.8477173,593.5054932
Match_48_TATA_IPL_2025_DC_vs_KKR,Delhi Capitals,,AllSeasons_jersey_chest_logo_blurry,AllSeasons,jersey,chest_logo,blurry,0.174917161,683.2789307,289.8062744,754.4332275,334.5151367
Match_48_TATA_IPL_2025_DC_vs_KKR,Delhi Capitals,,AllSeasons_jersey_chest_logo_blurry,AllSeasons,jersey,chest_logo,blurry,0.130619481,678.2559814,291.937439,775.84729,337.2536011
Match_48_TATA_IPL_2025_DC_vs_KKR,Delhi Capitals,,motorola_trousers_logo_partially_visible,motorola,trousers,logo,partially_visible,0.10957256,757.274292,536.4627686,837.914917,591.2672119
Match_48_TATA_IPL_2025_DC_vs_KKR,Delhi Capitals,,BKT_jersey_back_logo_partially_visible,BKT,jersey,back_logo,partially_visible,0.109104574,398.7074585,86.68339539,500.5740356,141.0894928
Match_48_TATA_IPL_2025_DC_vs_KKR,Delhi Capitals,,Jio_jersey_shoulder_logo_partially_visible,Jio,jersey,shoulder_logo,partially_visible,0.67165482,397.5683594,395.8401489,482.4086914,485.2195435
Match_48_TATA_IPL_2025_DC_vs_KKR,Delhi Capitals,,HeroFincorp_jersey_chest_logo_partially_visible,HeroFincorp,jersey,chest_logo,partially_visible,0.490842134,472.3883057,260.2606201,614.6947021,332.5601807
Match_48_TATA_IPL_2025_DC_vs_KKR,Delhi Capitals,,HeroFincorp_jersey_chest_logo_clear,HeroFincorp,jersey,chest_logo,clear,0.313860327,485.0050964,262.5117188,611.8408203,329.0940552
Match_48_TATA_IPL_2025_DC_vs_KKR,Delhi Capitals,,Jio_jersey_shoulder_logo_blurry,Jio,jersey,shoulder_logo,blurry,0.217643633,553.7403564,243.1640015,601.9786377,284.6889648
Match_48_TATA_IPL_2025_DC_vs_KKR,Delhi Capitals,,Encalm_trousers_logo_partially_visible,Encalm,trousers,logo,partially_visible,0.18038328,502.5729065,461.0548706,565.9359131,521.6608276
Match_48_TATA_IPL_2025_DC_vs_KKR,Delhi Capitals,,Dream11_jersey_chest_logo_clear,Dream11,jersey,chest_logo,clear,0.123129211,485.586792,268.996521,611.947876,339.3002319
Match_48_TATA_IPL_2025_DC_vs_KKR,Delhi Capitals,,Dream11_jersey_chest_logo_clear,Dream11,jersey,chest_logo,clear,0.253766716,550.5712891,250.2546082,732.9421387,322.2916565
Match_48_TATA_IPL_2025_DC_vs_KKR,Delhi Capitals,,BKT_jersey_back_logo_clear,BKT,jersey,back_logo,clear,0.323610723,621.7199707,296.9139404,763.4157715,373.7386475
Match_48_TATA_IPL_2025_DC_vs_KKR,Delhi Capitals,,AvonCycles_trousers_logo_clear,AvonCycles,trousers,logo,clear,0.124319494,815.9158936,751.5526733,956.6549072,835.8344116
Match_48_TATA_IPL_2025_DC_vs_KKR,Delhi Capitals,,DPWorld_jersey_back_logo_clear,DPWorld,jersey,back_logo,clear,0.231732368,660.0773926,210.0167236,761.1882324,270.8657837
Match_48_TATA_IPL_2025_DC_vs_KKR,Delhi Capitals,,Valvoline_jersey_sleeve_logo_blurry,Valvoline,jersey,sleeve_logo,blurry,0.169055924,764.8946533,275.1809082,829.4741211,315.6185303
Match_48_TATA_IPL_2025_DC_vs_KKR,Delhi Capitals,,DPWorld_jersey_back_logo_clear,DPWorld,jersey,back_logo,clear,0.111928627,497.262085,217.5279541,582.241333,276.6713867
Match_48_TATA_IPL_2025_DC_vs_KKR,Delhi Capitals,,Jio_jersey_shoulder_logo_clear,Jio,jersey,shoulder_logo,clear,0.106799535,334.4184265,168.8858643,381.2306213,200.3134766
